name,lat,lng,formatted_address,rating,extracted_activities,activity_scores
Aanda Ella Fall,6.7120206,80.4609959,Ratnapura,4.280645855889234,"['hiking', 'caving', 'waterfalls']","[3.5, 3.6666666666666665, 3.0]"
Aberdeen Waterfall,6.9491486,80.5015144,Ginigathhena,4.790742101631211,"['hiking', 'waterfalls']","[3.8, 4.6]"
Ahangama,5.973974699999999,80.36215949999999,Ahangama,,"['surfing', 'beach visits']","[2.2, 3.2]"
Ahungalla,6.313277600000001,80.0409178,Ahungalla,,"['beach visits', 'beachfront dining', 'arts and culture', 'cultural experiences', 'local crafts', 'wildlife viewing', 'sightseeing', 'outdoor adventures']","[2.5, 2.4, 2.0, 2.0, 2.0, 3.0, 2.0, 2.0]"
Alahana Pirivena,7.9619237,81.003995,Polonnaruwa,4.700491127474659,"['archaeological sites', 'historic sites', 'arts and culture', 'historical monuments', 'architecture tours', 'sightseeing', 'cultural experiences', 'historic walks', 'temple pilgrimages', 'spiritual retreats', 'architecture photography', 'landscape photography', 'photography', 'history tours', 'outdoor adventures']","[5.0, 5.0, 4.0, 4.0, 3.0, 3.0, 4.0, 4.0, 5.0, 5.0, 4.0, 4.0, 4.0, 3.0, 4.0]"
Alankuda Casuarina Beach,8.0481352,79.709916,Kalpitiya,4.353583777168904,"['beach visits', 'beachfront dining', 'hiking', 'snorkeling', 'landscape photography']","[4.428571428571429, 3.0, 4.0, 4.0, 4.0]"
"All Saints Church, Galle Church of Ceylon",6.027534,80.2174478,Galle,4.412032188702285,"['architecture photography', 'arts and culture', 'historic sites', 'historical monuments', 'sightseeing', 'architecture tours']","[4.2, 4.166666666666667, 4.166666666666667, 4.166666666666667, 4.166666666666667, 4.0]"
Alupotha Ella Waterfall,6.6182776,80.4095082,Magurugoda Alupotha Rd,4.417348737198644,"['waterfalls', 'photography', 'hiking']","[4.0, 4.0, 4.0]"
"Aluthnuwara Rajamaha Viharaya , Aluthnuwara",7.2273193,80.4852434,Mawanella Aluthnuwara Rd,4.826857085708196,"['architecture photography', 'architecture tours', 'arts and culture', 'cultural experiences', 'historic sites', 'historical monuments', 'temple pilgrimages', 'sightseeing']","[3.6666666666666665, 3.6666666666666665, 3.5, 3.5, 3.5, 3.5, 3.5, 3.5]"
Ambalangoda,6.2441521,80.0590804,Ambalangoda,,"['turtle watching', 'local crafts', 'fishing']","[2.8333333333333335, 2.1666666666666665, 1.3333333333333333]"
Ambuluwawa Biodiversity Complex,7.1616275,80.5471974,Gampola ,4.599020754395325,"['hiking', 'bird watching', 'photography', 'landscape photography', 'outdoor adventures', 'architecture photography', 'wildlife viewing', 'arts and culture']","[3.8, 4.0, 5.0, 5.0, 4.0, 4.0, 4.0, 4.0]"
Ambuluwawa Temple,7.1610613,80.5470683,Gampola,4.893964907565287,"['architecture photography', 'hiking', 'cultural experiences', 'sightseeing', 'architecture tours', 'landscape photography', 'temple pilgrimages']","[5.0, 3.6, 4.6, 5.0, 5.0, 5.0, 4.4]"
Anawilundawa Wetland,7.709594699999999,79.82127000000001,Anawilundawa Wetland,,"['bird watching', 'wildlife viewing']","[2.2, 2.2]"
Angammedilla National Park,7.9254453,80.9207737,Diyabeduma,4.153364934119189,"['jeep safaris', 'wildlife viewing', 'landscape photography', 'nature walks', 'picnic', 'historic sites', 'cycling', 'bird watching', 'wildlife safaris', 'hiking']","[5.0, 2.8, 4.333333333333333, 4.0, 4.0, 4.0, 4.0, 3.0, 4.0, 4.0]"
Anuradhapura New Town,8.3227654,80.4025767,Anuradhapura,4.413751072802612,"['archaeological sites', 'historical monuments', 'arts and culture', 'city tours', 'historic sites', 'historic walks', 'cultural experiences', 'temple pilgrimages', 'sightseeing', 'local crafts', 'architecture photography', 'architecture tours', 'history tours', 'wildlife viewing']","[5.0, 5.0, 4.0, 3.0, 4.0, 4.0, 4.0, 5.0, 3.0, 4.0, 4.0, 4.0, 4.0, 4.0]"
Arankale Buddhist Monastery,7.639653800000001,80.4191984,Kumbukwewa,4.829208947904073,"['hiking', 'cultural experiences', 'arts and culture', 'meditation', 'historic sites', 'historic walks', 'spiritual retreats', 'archaeological sites', 'architecture tours', 'historical monuments', 'architecture photography', 'landscape photography']","[4.0, 4.666666666666667, 4.5, 4.0, 5.0, 4.0, 4.333333333333333, 5.0, 4.0, 4.0, 4.0, 4.0]"
Archaeological Museum Mihintale,8.3555282,80.5133253,Mihintale,4.230318715928743,"['museum visits', 'arts and culture', 'historic sites', 'historical monuments', 'history tours']","[4.0, 3.8, 4.0, 4.0, 4.0]"
Archaeology Museum Kotte,6.8932482,79.9050836,Sri Jayawardenepura Kotte,4.628047801186627,"['museum visits', 'historical monuments', 'history tours', 'arts and culture', 'historic sites', 'cultural experiences']","[4.0, 4.0, 3.0, 4.0, 3.6666666666666665, 3.5]"
"Arthurs Seat View Point, Kandy",7.288817,80.6398053,Kandy,4.498639664506186,"['hiking', 'photography', 'sightseeing', 'arts and culture', 'landscape photography', 'temple pilgrimages']","[4.0, 4.0, 4.0, 4.5, 4.0, 4.0]"
Arugam Bay Beach,6.840407799999999,81.8368478,Arugam Bay Beach,4.78963070249736,"['surfing', 'beach visits', 'beachfront dining', 'cultural experiences']","[4.5, 3.8, 4.5, 4.0]"
Arukuveli Beach,9.6241919,80.1718869,Chavakachcheri,4.3532265519877775,"['beach visits', 'snorkeling']","[4.25, 5.0]"
Athugala Viharaya,7.4842574,80.3705497,Kurunegala,4.873727903100438,"['hiking', 'sightseeing', 'temple pilgrimages', 'landscape photography', 'cultural experiences', 'local crafts', 'photography']","[3.6, 4.6, 4.6, 5.0, 4.0, 4.0, 4.0]"
Auslink Hotel Walapane Sri Lanka,7.0950433,80.8627914,Walapane,4.149136565022313,"['hiking', 'cultural experiences', 'arts and culture', 'wildlife viewing', 'sightseeing', 'photography', 'landscape photography', 'tea tasting', 'outdoor adventures']","[5.0, 3.2, 3.2, 3.0, 4.0, 4.0, 5.0, 3.0, 4.0]"
Bakers Falls,6.7927,80.7895,Bakers Falls,4.498089083221011,"['waterfalls', 'picnic', 'photography', 'hiking']","[3.0, 4.2, 3.75, 4.0]"
Balana Fort,7.2699125,80.4956232,Kadugannawa Balana Rd,4.157826311248124,"['hiking', 'historic sites', 'arts and culture', 'historical monuments', 'history tours', 'historic walks', 'architecture photography', 'architecture tours']","[3.8, 4.0, 3.6666666666666665, 4.0, 4.0, 4.0, 4.0, 4.0]"
Bambarakanda Falls,6.7733517,80.8312138,Kalupahana Ohiya Rd,4.499207540408085,"['hiking', 'waterfalls', 'camping', 'photography']","[3.8, 4.75, 4.0, 4.333333333333333]"
Bambarakiri Ella,7.495246000000001,80.6990011,Kandy,4.401452766698231,"['waterfalls', 'hiking', 'photography', 'landscape photography', 'sightseeing', 'picnic', 'suspension bridge', 'outdoor adventures']","[5.0, 3.75, 4.8, 5.0, 4.0, 5.0, 4.25, 4.0]"
"Baobab Tree Pallimunai, Mannar, Sri Lanka",8.9816707,79.9231902,Mannar,4.307553436895144,"['historical monuments', 'sightseeing', 'history tours', 'landscape photography', 'historic sites', 'arts and culture', 'cultural experiences', 'wildlife viewing', 'photography', 'outdoor adventures', 'historic walks', 'beach visits', 'hiking', 'camping']","[5.0, 4.0, 4.0, 4.0, 3.5, 3.5, 3.5, 3.5, 4.0, 4.0, 4.0, 3.0, 3.0, 3.0]"
Batadombalena,6.776506499999999,80.3959493,Kuruwita,4.235186945252485,"['hiking', 'caving', 'waterfalls']","[3.6, 3.8, 4.0]"
Bathalagoda Tank,7.531868,80.450986,Kurunegala,4.590763479983333,"['sunrise', 'peaceful walk', 'picnic', 'swings', 'bird watching', 'photography', 'tranquil experience', 'kayaking', 'walk', 'hanging out by the water', 'peaceful vibes', 'evening walk']","[5.0, 5.0, 5.0, 5.0, 5.0, 5.0, 4.0, 3.0, 5.0, 4.0, 5.0, 5.0]"
Batticaloa Dutch Fort,7.7118126,81.702124,Batticaloa,4.018550430022733,"['historic sites', 'architecture tours', 'history tours', 'historic walks', 'architecture photography', 'landscape photography', 'arts and culture', 'historical monuments', 'sightseeing']","[4.333333333333333, 4.333333333333333, 4.5, 4.166666666666667, 4.166666666666667, 4.0, 4.166666666666667, 4.166666666666667, 4.166666666666667]"
Batticaloa Gate,7.713625,81.699643,Batticaloa,4.681166117238506,"['historical monuments', 'historic walks', 'sightseeing', 'landscape photography', 'beach visits', 'boat wild life safaris', 'arts and culture', 'outdoor adventures', 'picnic']","[4.4, 4.2, 4.2, 4.333333333333333, 4.5, 4.0, 4.0, 4.0, 4.0]"
Batticaloa Lagoon,7.7143998,81.70257,Batticaloa,3.992888788293372,"['boat wild life safaris', 'beach visits', 'beachfront dining', 'fishing', 'sightseeing', 'wildlife viewing']","[5.0, 4.8, 5.0, 4.25, 5.0, 4.333333333333333]"
Batticaloa Lighthouse,7.754836,81.6853974,Batticaloa,4.3108478027149,"['architecture photography', 'historic sites', 'sightseeing', 'boat wild life safaris', 'hiking', 'landscape photography', 'cultural experiences', 'outdoor adventures', 'beach visits', 'local crafts', 'photography']","[5.0, 4.75, 4.8, 5.0, 4.0, 5.0, 5.0, 4.5, 4.666666666666667, 5.0, 5.0]"
Belihuloya,6.718399,80.7740912,Belihuloya,,"['waterfalls', 'camping', 'rock climbing']","[3.0, 1.4, 2.75]"
Belilena Cave,7.002237099999999,80.4357814,Kitulgala,4.579056665069154,"['caving', 'hiking', 'waterfalls', 'archaeological sites', 'wildlife viewing']","[4.2, 3.6666666666666665, 4.5, 4.0, 3.0]"
Bentota Ganga,6.395779499999999,80.09541639999999,Bentota Ganga,4.614171305701191,"['river cruises', 'bird watching', 'wildlife viewing']","[3.8, 4.0, 3.75]"
Bird Watching Tower,8.9570945,79.9201626,Mannar,4.143583154147569,['bird watching'],[4.2]
Black Galle Fort Zwart Bastion,6.0291295,80.2192923,Galle,4.32724908804835,"['historic sites', 'architecture photography', 'history tours', 'museum visits', 'sightseeing', 'architecture', 'landscape photography', 'historic walks', 'archaeological sites', 'historical monuments', 'arts and culture', 'photography', 'outdoor adventures']","[5.0, 4.0, 4.0, 3.0, 4.0, 4.0, 4.0, 4.0, 4.0, 4.0, 4.0, 4.0, 3.0]"
Blue moon camping,8.2110065,79.6941835,Kandakuliya,4.485802695761737,"['camping', 'hiking', 'stargazing', 'fishing', 'wildlife viewing', 'bird watching', 'photography']","[3.857142857142857, 4.0, 5.0, 4.0, 4.0, 4.0, 4.0]"
Boat Trip Kalpitiya Dolphin Watching,8.2317679,79.7679965,Kalpitiya,4.814666599992894,"['boat wild life safaris', 'wildlife viewing', 'dolphin watching']","[4.0, 4.0, 4.0]"
Bogoda Raja Maha Viharaya,7.0080193,80.9961595,Bogoda Brdge Rd,4.808647231527663,"['archaeological sites', 'architecture photography', 'arts and culture', 'historic sites', 'historical monuments', 'temple pilgrimages', 'sightseeing', 'cultural experiences', 'hiking', 'wildlife viewing']","[5.0, 4.4, 4.8, 4.2, 4.2, 4.2, 4.0, 4.0, 3.0, 4.0]"
Bolgoda Lake,6.771221799999999,79.9066763,Bolgoda Lake,4.5692279947288,"['fishing', 'bird watching', 'kayaking', 'beach visits', 'landscape photography']","[3.5, 5.0, 5.0, 4.0, 4.0]"
Bomburu Ella Waterfall,6.9473204,80.8311903,Galpalama,4.689366356458555,"['hiking', 'landscape photography', 'waterfalls']","[5.0, 5.0, 5.0]"
Bopath Falls,6.8017619,80.3694222,Kuruwita,4.694439603330943,"['waterfalls', 'hiking', 'wildlife viewing', 'beach visits', 'sightseeing', 'photography', 'cultural experiences', 'picnicking', 'swimming']","[4.8, 2.3333333333333335, 2.0, 4.0, 3.5, 4.0, 4.0, 4.0, 4.0]"
Bowatenna Reservoir,7.6714182,80.6668997,Arangala,4.599025065530813,"['hiking', 'landscape photography', 'photography', 'bird watching', 'wildlife viewing', 'sightseeing', 'fishing', 'camping', 'cultural experiences', 'history tours', 'beach visits', 'kayaking', 'paddleboarding', 'cycling', 'mountain biking', 'outdoor adventures', 'architecture photography']","[5.0, 5.0, 5.0, 5.0, 5.0, 5.0, 5.0, 5.0, 5.0, 5.0, 5.0, 5.0, 5.0, 5.0, 5.0, 5.0, 5.0]"
Box Stone pettigala,7.299619,80.5632199,Muruthalawa,3.715380849989087,"['hiking', 'photography', 'historic sites', 'rock climbing', 'landscape photography', 'outdoor adventures', 'wildlife viewing']","[2.75, 4.0, 2.0, 3.5, 3.5, 3.0, 3.0]"
British Queens House,6.0277701,80.2177698,Galle,4.670666487480903,"['architecture photography', 'historic sites', 'arts and culture', 'museum visits', 'history tours', 'sightseeing', 'landscape photography', 'cultural experiences', 'historic walks', 'botanical gardens', 'outdoor adventures']","[5.0, 5.0, 4.0, 4.0, 3.0, 5.0, 5.0, 4.0, 4.0, 5.0, 4.0]"
Buddhangala Raja Maha Viharaya,7.3318361,81.7036489,Buddangala,4.403271910962903,"['hiking', 'arts and culture', 'historic sites', 'architecture photography', 'archaeological sites', 'history tours', 'cultural experiences', 'temple pilgrimages', 'spiritual retreats', 'photography']","[4.0, 5.0, 4.8, 5.0, 5.0, 5.0, 5.0, 4.333333333333333, 4.5, 5.0]"
Bundala National Park,6.1990863,81.2104935,bundala ,4.3063114488523055,"['bird watching', 'wildlife viewing', 'landscape photography', 'wild life safaris', 'elephant rides']","[3.8181818181818183, 3.857142857142857, 5.0, 4.5, 4.0]"
Chariot Path,7.0844375,80.7239375,Ramboda,4.9503382036731,['hiking'],[4.0]
Chundikulam Bird Sanctuary,9.5141667,80.5322222,Pachchilapalli,4.313885187475072,"['bird watching', 'beach visits', 'fishing']","[4.0, 3.7142857142857144, 3.3333333333333335]"
Cinnamon Bentota Beach,6.424905499999999,79.9968753,Bentota ,4.894466947172195,"['beach visits', 'ayurvedic spa treatments', 'beachfront dining', 'kayaking', 'yoga retreats']","[4.666666666666667, 5.0, 4.5, 5.0, 4.0]"
Colombo City Tour,6.8662122,79.88319969999999,Nugegoda,4.715620871559649,"['city tours', 'arts and culture', 'museum visits', 'architecture tours', 'architecture photography', 'historic sites', 'historical monuments', 'cultural experiences', 'sightseeing', 'history tours']","[4.333333333333333, 4.25, 3.0, 5.0, 5.0, 4.0, 4.0, 4.0, 4.0, 4.0]"
Colombo Lotus Tower,6.9272949,79.8584587,Colombo,4.102858229942493,"['architecture photography', 'architecture tours', 'arts and culture', 'city tours', 'sightseeing', 'public art installations', 'museum visits', 'beachfront dining']","[5.0, 5.0, 5.0, 5.0, 5.0, 5.0, 5.0, 5.0]"
Colombo National Museum,6.909999099999999,79.8609032,Colombo ,4.598686630999282,"['museum visits', 'historical monuments', 'arts and culture', 'historic sites', 'botanical gardens']","[4.0, 4.0, 4.0, 4.0, 4.0]"
Coral Sanctuary Boat Ticket Issue Center,6.137341899999999,80.0992534,Hikkaduwa,4.246882007174786,['snorkeling'],[4.0]
Corbetts Gap,7.3727646,80.8408785,Hunnasgiriya Meemure Road,4.495569192963004,"['hiking', 'landscape photography', 'outdoor adventures', 'wildlife viewing', 'sightseeing']","[5.0, 5.0, 5.0, 5.0, 5.0]"
Council Chamber,7.9428101,81.001852,Polonnaruwa,4.738347763761473,"['archaeological sites', 'architecture photography', 'historic sites', 'history tours', 'cultural experiences', 'historical monuments', 'sightseeing']","[4.2, 4.0, 4.2, 3.0, 4.2, 4.2, 3.4]"
Crocodile Lake Panama,6.7590091,81.7860471,Panama,4.196688079560035,"['wildlife viewing', 'bird watching']","[4.5, 4.0]"
Dakkhina Stupa Anuradhapura,8.3411599,80.395259,Anuradhapura,4.569888338189556,"['archaeological sites', 'architecture photography', 'historic sites', 'historic walks', 'history tours', 'arts and culture', 'cultural experiences', 'sightseeing', 'photography', 'landscape photography', 'historical monuments', 'temple pilgrimages']","[3.75, 4.0, 4.5, 4.0, 3.0, 3.75, 4.0, 3.75, 3.6666666666666665, 4.0, 4.0, 4.0]"
Dalada Maluva Polonnaruwa,7.9476343,81.001233,Polonnaruwa,4.791269360081152,"['archaeological sites', 'architecture photography', 'architecture tours', 'arts and culture', 'cultural experiences', 'historic sites', 'historic walks', 'historical monuments', 'history tours', 'museum visits', 'sightseeing', 'temple pilgrimages', 'cycling', 'wildlife viewing', 'photography', 'landscape photography']","[5.0, 4.0, 5.0, 5.0, 5.0, 5.0, 5.0, 5.0, 5.0, 4.0, 5.0, 5.0, 4.0, 3.0, 4.0, 4.0]"
Dambulla,7.874217000000001,80.6511287,Dambulla,,"['air ballooning', 'horseback riding']","[1.6666666666666667, 2.6666666666666665]"
Dambulla Royal Cave Temple and Golden Temple,7.854914099999999,80.6505699,Dambulla,4.250646327140208,"['archaeological sites', 'arts and culture', 'cultural experiences', 'hiking', 'historic sites', 'historical monuments', 'temple pilgrimages', 'sightseeing', 'architecture photography', 'photography', 'architecture tours', 'history tours', 'spiritual retreats']","[5.0, 5.0, 5.0, 4.0, 5.0, 5.0, 5.0, 5.0, 4.0, 4.0, 4.0, 4.0, 4.0]"
Deegavapi Maha Stupa,7.2841152,81.7865422,Nintavur,4.813999932805339,"['historical monuments', 'architecture photography', 'historic sites', 'arts and culture', 'history tours', 'architecture tours', 'archaeological sites', 'cultural experiences', 'temple pilgrimages', 'spiritual retreats', 'landscape photography', 'photography', 'historic walks', 'sightseeing', 'hiking', 'outdoor adventures', 'village homestays']","[5.0, 5.0, 5.0, 4.0, 4.0, 4.0, 4.0, 4.0, 4.0, 4.0, 4.0, 4.0, 3.0, 3.0, 3.0, 3.0, 2.0]"
Deegawapi Raja Maha Vihara,7.2847427,81.7857885,Nintavur,4.776594199172169,"['historical monuments', 'architecture', 'arts and culture', 'cultural experiences', 'spiritual retreats', 'historic sites', 'temple pilgrimages']","[4.4, 4.0, 4.4, 4.4, 5.0, 4.4, 4.4]"
Dehiwala Zoological Gardens,6.8569811,79.8744025,DehiwalaMount Lavinia,4.400203213211535,"['wildlife viewing', 'animal encounters', 'tiger enclosure', 'botanical gardens', 'elephant rides', 'aquarium visits', 'python encounters', 'sea lion show']","[4.333333333333333, 3.8333333333333335, 5.0, 4.0, 2.0, 3.0, 5.0, 3.0]"
Deliwala Kota Vehera Temple,7.3529846,80.3780437,Rambukkana ,4.710910904702443,"['architecture photography', 'architecture tours', 'arts and culture', 'cultural experiences', 'historic sites', 'historical monuments', 'history tours', 'temple pilgrimages']","[5.0, 5.0, 4.8, 4.8, 4.8, 4.8, 4.8, 4.6]"
Dematamal Viharaya,6.7539904,81.2880131,B,4.682277260764257,"['historic sites', 'archaeological sites', 'arts and culture', 'cultural experiences', 'temple pilgrimages', 'architecture photography', 'architecture tours', 'history tours', 'historic walks', 'sightseeing']","[3.3333333333333335, 5.0, 3.3333333333333335, 3.3333333333333335, 3.3333333333333335, 3.5, 3.5, 4.0, 4.0, 4.0]"
Devon Falls,6.951407700000001,80.6300174,Dimbula,4.686810079910172,"['hiking', 'photography', 'tea tasting', 'waterfalls']","[4.75, 4.666666666666667, 4.333333333333333, 4.5]"
Dhanaja Gem Museum,6.704170200000001,80.3863567,Ratnapura ,4.100366737109899,"['museum visits', 'arts and culture', 'cultural experiences', 'historic sites', 'sightseeing', 'local crafts']","[4.2, 4.2, 4.5, 4.0, 3.0, 3.0]"
Dhushan ella,6.6317153,80.3542309,Palawela,4.589761310074923,"['hiking', 'landscape photography', 'sightseeing', 'waterfalls', 'wildlife viewing']","[4.2, 5.0, 4.0, 4.25, 4.0]"
Diggala Campaign Side,6.8398993,81.2723738,Muthukeliyawa,4.825703114826881,"['hiking', 'landscape photography', 'photography', 'wildlife viewing']","[4.2, 5.0, 4.0, 4.0]"
Dimbulana hills Spot,7.0053879,80.9536201,Badulla,4.757038849338745,"['hiking', 'sightseeing', 'picnicking', 'wildlife viewing']","[4.4, 5.0, 4.0, 4.0]"
Dimiyawa View Point,6.7073383,80.3490515,Dimiyawa,4.791009815832508,"['landscape photography', 'sightseeing', 'picnic', 'photography', 'wildlife viewing']","[5.0, 4.5, 5.0, 4.333333333333333, 4.0]"
Divulgaskada Kuda Wewa,8.6612124,80.5617788,Puhudivula Rd,4.61769851231621,"['hiking', 'photography', 'picnicking', 'historic sites', 'bird watching', 'wildlife viewing', 'sightseeing', 'historical monuments', 'historic walks']","[5.0, 4.0, 4.0, 3.0, 4.0, 4.0, 4.0, 3.0, 3.0]"
Diyagala Escape,6.7069924,80.4390735,Ratnapura,,['hiking'],[2.2]
Diyaluma Falls,6.7331443,81.0314173,Koslanda,4.9928301440547145,"['hiking', 'camping', 'bathing', 'photography', 'waterfalls']","[3.75, 4.0, 4.0, 4.0, 4.0]"
Diyatha Uyana,6.904575,79.9098313,Sri Jayawardenepura Kotte,4.599733312406802,"['bird watching', 'hiking', 'wildlife viewing', 'local crafts', 'sightseeing']","[4.4, 4.0, 4.2, 4.0, 4.0]"
Diyawatanalla Waterfall,6.849332,80.8589566,Alawathugoda,3.5404539610711714,"['waterfalls', 'hiking']","[1.0, 2.0]"
"Dry Zone Botanic Gardens, Hambantota",6.1533995,81.066035,Hambantota,4.790477886288845,"['botanical gardens', 'hiking', 'landscape photography', 'bird watching', 'wildlife viewing', 'sightseeing', 'arts and culture', 'photography']","[4.023255813953488, 4.0, 4.0, 4.0, 4.0, 4.0, 4.0, 4.0]"
Dunhinda Waterfall,7.0175417,81.0635655,Dunhida Water Falls Access Road,4.589621276328648,"['hiking', 'wildlife viewing', 'local crafts', 'waterfalls']","[3.75, 3.75, 3.5, 4.75]"
Dutch Bay Beach,8.5733722,81.2395084,Trincomalee,4.317901306722346,"['beach visits', 'boat wild life safaris', 'beachfront dining', 'snorkeling', 'sightseeing']","[4.428571428571429, 5.0, 3.0, 4.0, 5.0]"
Dutch Cannon,7.7115771,81.7024339,Batticaloa,,"['historic sites', 'historical monuments', 'sightseeing', 'photography']","[1.5, 1.5, 2.1666666666666665, 2.6]"
Dutch Fort Jaffna,9.6620307,80.0084252,Jaffna,4.696771623535241,"['historical monuments', 'architecture photography', 'historic sites', 'arts and culture', 'sightseeing', 'history tours', 'cultural experiences', 'architecture', 'historic walks', 'museum visits']","[5.0, 5.0, 4.5, 5.0, 4.0, 5.0, 5.0, 4.0, 4.0, 5.0]"
Dutch Museum,6.9359623,79.85163899999999,Colombo ,3.773898799218223,"['museum visits', 'architecture tours', 'history tours', 'arts and culture']","[3.5, 4.333333333333333, 3.6, 3.4]"
"Dutch Reformed Church, Matara",5.9447878,80.5469267,Matara,4.561884859749042,"['architecture photography', 'historic sites', 'arts and culture', 'architecture', 'history tours', 'cultural experiences']","[5.0, 4.2, 4.0, 5.0, 3.0, 4.0]"
Duwili Ella Waterfall,6.6623191,80.8658203,Kalthota,4.497444845118082,"['hiking', 'waterfalls', 'landscape photography', 'outdoor adventures', 'arts and culture', 'sightseeing']","[4.0, 4.8, 4.0, 3.6666666666666665, 3.5, 4.0]"
Elephant Park,7.2764377,81.7969824,Kaliodai Deeghavapi Rd,3.9523277278538247,"['wildlife viewing', 'animal encounters']","[2.4, 3.4]"
Elephant Point Beach,8.5360448,81.2285746,Trincomalee,4.572911130494852,"['beach visits', 'snorkeling', 'swimming', 'museum visits']","[4.428571428571429, 4.0, 3.25, 5.0]"
Elephant Transit Home,6.4266887,80.81653589999999,Udawalawa,4.598095026553942,"['wildlife viewing', 'animal encounters', 'cultural experiences']","[3.0843373493975905, 3.0853658536585367, 4.0]"
Ella Rock Trailhead,6.8578491,81.04402259999999,Ella,4.671727018348628,"['hiking', 'landscape photography', 'tea tasting', 'cultural experiences', 'wildlife viewing']","[4.333333333333333, 4.0, 4.0, 3.5, 3.0]"
Fort Dew Guest House and Restaurant,6.0271673,80.2152041,Galle,4.49264227298601,"['beach visits', 'beachfront dining', 'arts and culture', 'historic sites', 'historic walks', 'sightseeing', 'cultural experiences', 'wildlife viewing']","[5.0, 5.0, 5.0, 5.0, 5.0, 5.0, 5.0, 5.0]"
Fort Entrance Old Gate,6.0281137,80.218447,Galle,4.739444778641163,"['architecture photography', 'historic sites', 'arts and culture', 'historic walks', 'sightseeing']","[4.75, 4.75, 3.6666666666666665, 4.0, 4.0]"
Fort Frederick,8.5772776,81.2432785,Trincomalee,4.20564766541895,"['historical monuments', 'architecture photography', 'sightseeing', 'historic sites', 'wildlife viewing', 'historic walks', 'architecture tours', 'architecture']","[4.333333333333333, 4.333333333333333, 4.0, 4.0, 3.6, 4.0, 4.0, 3.6666666666666665]"
Gal Oya Valley National Park,7.2285076,81.4718387,Henebadda,4.3123974888170284,"['boat wild life safaris', 'wildlife viewing', 'hiking', 'bird watching', 'wild life safaris']","[4.5, 4.5, 4.0, 4.0, 4.0]"
Galabedda Biso Pond,6.91683,81.3875045,Colombo Batticaloa Hwy,4.242993320523731,"['archaeological sites', 'architecture photography', 'arts and culture', 'hiking', 'historic sites', 'historical monuments', 'landscape photography', 'photography', 'sightseeing']","[4.6, 4.5, 4.6, 3.0, 4.6, 4.6, 5.0, 4.0, 5.0]"
Galegama Wewa,8.6351091,80.5670909,Ethakada,4.421780896336983,"['picnic', 'history tours', 'landscape photography', 'sightseeing', 'hiking', 'bird watching', 'historic sites', 'historical monuments', 'wildlife viewing']","[5.0, 4.5, 5.0, 5.0, 5.0, 5.0, 4.0, 4.0, 4.0]"
Galle,6.032894799999999,80.2167912,Galle,,"['historic walks', 'beach visits', 'beachfront dining', 'art classes', 'city tours']","[3.25, 2.0, 1.5, 2.6666666666666665, 3.0]"
Galle Dutch Fort,6.030459199999999,80.2150207,Galle ,4.599586904309831,"['architecture photography', 'architecture tours', 'arts and culture', 'historic sites', 'historic walks', 'historical monuments', 'history tours', 'museum visits', 'sightseeing', 'local crafts']","[5.0, 5.0, 5.0, 5.0, 5.0, 5.0, 5.0, 5.0, 5.0, 5.0]"
Galle Fort Attractions and Jumpers Sri Lanka,6.0304644,80.2150237,Galle,4.691280103627117,"['architecture tours', 'architecture photography', 'beach visits', 'beachfront dining', 'arts and culture', 'historic sites', 'historical monuments', 'historic walks', 'cultural experiences', 'local crafts', 'museum visits', 'sightseeing']","[4.25, 4.0, 5.0, 4.0, 4.5, 4.5, 4.5, 4.0, 4.666666666666667, 4.0, 4.0, 4.0]"
Galle Lighthouse,6.024561299999999,80.2193661,Galle,4.796319269478297,"['architecture photography', 'historic sites', 'beach visits', 'sightseeing', 'landscape photography', 'local crafts']","[3.5, 3.5, 4.0, 3.25, 4.0, 2.5]"
Gangaramaya Temple,6.916714499999999,79.8566456,Colombo ,4.499811956235254,"['architecture', 'arts and culture', 'cultural experiences', 'historic sites', 'historical monuments', 'temple pilgrimages', 'sightseeing', 'traditional ceremonies']","[4.0, 4.0, 4.0, 4.0, 4.0, 4.0, 4.0, 4.0]"
Geradi Ella Falls,6.9635967,80.9700842,Paranagma,4.479216317506872,"['hiking', 'waterfalls', 'cultural experiences', 'photography', 'picnicking', 'wildlife viewing', 'outdoor adventures']","[3.8, 4.6, 4.0, 4.666666666666667, 5.0, 4.0, 4.0]"
Glassaugh Falls,6.9465776,80.7372359,Nuwara Eliya,4.2450321193400535,"['hiking', 'photography', 'picnicking', 'waterfalls']","[4.4, 4.5, 5.0, 5.0]"
Hakgala Botanical Garden,6.926584900000001,80.82152839999999,Hakgala,4.598943530010264,"['botanical gardens', 'sightseeing', 'photography', 'hiking', 'picnic']","[3.2, 3.0, 3.0, 2.8, 4.0]"
"Haliela , Sri Lanka",6.973818,81.0379761,Haliela,4.0556897891330745,"['tea tasting', 'hiking', 'waterfalls', 'arts and culture', 'historic sites', 'temple pilgrimages', 'cultural experiences', 'village homestays', 'landscape photography']","[4.666666666666667, 4.75, 5.0, 3.5, 4.5, 4.25, 4.25, 3.6666666666666665, 5.0]"
Hambantota Beach,6.1279932,81.1272036,Hambantota,4.336623774303517,"['beach visits', 'beachfront dining', 'surfing']","[4.333333333333333, 3.0, 4.0]"
Haputale,6.7654136,80.95256549999999,Haputale,,"['tea tasting', 'hiking', 'cultural experiences', 'sightseeing']","[3.0, 3.4285714285714284, 2.0, 3.2857142857142856]"
Hatadage,7.9478635,81.0013018,Polonnaruwa,4.495256430113334,"['archaeological sites', 'architecture photography', 'architecture tours', 'arts and culture', 'historic sites', 'historic walks', 'historical monuments', 'history tours', 'sightseeing', 'temple pilgrimages', 'cultural experiences', 'wildlife viewing']","[5.0, 4.0, 5.0, 5.0, 5.0, 4.0, 5.0, 5.0, 4.0, 5.0, 5.0, 4.0]"
Hatale Mini Worlds End,7.3826346,80.722532,Panwila,4.491079569903392,"['hiking', 'camping', 'wildlife viewing', 'landscape photography', 'sightseeing']","[4.25, 5.0, 4.0, 4.0, 4.0]"
Hathbamba Ella Waterfall,6.6350499,80.3591021,Ratnapura,4.5692279947288,"['waterfalls', 'hiking', 'photography', 'picnicking', 'wildlife viewing', 'outdoor adventures']","[5.0, 4.0, 4.0, 4.0, 3.0, 4.0]"
Hathbili Ella Falls,6.6542402,80.4705553,Ratnapura,4.701641519064547,"['hiking', 'photography', 'waterfalls', 'picnic']","[3.6, 5.0, 5.0, 5.0]"
Hettipola wewa,7.601516,80.0796619,Kottamba Pitiya,4.551945087658675,"['hiking', 'bird watching', 'landscape photography', 'cultural experiences', 'architecture photography', 'sightseeing', 'wildlife viewing', 'picnicking']","[3.8, 5.0, 4.25, 4.0, 4.0, 3.3333333333333335, 3.5, 5.0]"
Heyna camping site,6.2073401,81.2720141,Weligatta,,"['camping', 'hiking']","[1.25, 3.0]"
Hidden Water fall Tiny Ella,7.278051,80.630203,Kandy,,"['hiking', 'waterfalls']","[1.6, 2.6]"
Hikka Tranz by Cinnamon,6.131707499999999,80.10110039999999,Hikkaduwa ,4.30136455012787,"['beach visits', 'beachfront dining', 'arts and culture']","[4.8, 5.0, 4.0]"
Hikkaduwa,6.1394676,80.10628609999999,Hikkaduwa,,"['snorkeling', 'beach visits']","[2.75, 2.0]"
Hikkaduwa Beach,6.1377266,80.09905959999999,Hikkaduwa Beach,4.691924719622424,"['surfing', 'snorkeling', 'beach visits', 'beachfront dining', 'turtle watching', 'local crafts']","[5.0, 5.0, 4.0, 5.0, 4.5, 3.0]"
Hirigalketiya waterfall,6.6360402,80.4489898,Ratnapura,2.078701872835541,"['waterfalls', 'hiking']","[1.0, 1.0]"
Hiriketiya Beach,5.962357700000001,80.706811,Hiriketiya Beach,4.40139830496634,"['surfing', 'beach visits', 'beachfront dining', 'sunset viewing', 'yoga retreats']","[4.5, 4.0, 4.25, 5.0, 4.0]"
Horton Plains National Park,6.809445999999999,80.8023333,Nuwara Eliya,4.698605059530784,"['hiking', 'bird watching', 'wildlife viewing', 'landscape photography', 'butterfly watching', 'sightseeing', 'waterfalls', 'picnic']","[5.0, 4.75, 5.0, 4.333333333333333, 5.0, 4.0, 5.0, 5.0]"
Huluganga Ella Waterfall,7.4009935,80.7423197,Huluganga,4.402678620106074,"['hiking', 'waterfalls', 'photography', 'sightseeing']","[3.8, 4.5, 3.6666666666666665, 3.8]"
Hundukata,6.742942,80.447135,Ratnapura,4.339612718259856,"['hiking', 'swimming', 'picnic', 'sightseeing', 'landscape photography', 'wildlife viewing', 'photography']","[5.0, 5.0, 5.0, 5.0, 5.0, 5.0, 5.0]"
Hunnasgiriya Water Fall,7.4018005,80.6898511,Matale,4.6871897471195805,"['waterfalls', 'hiking', 'picnic', 'landscape photography', 'beach visits', 'swimming', 'sightseeing']","[4.555555555555555, 4.2, 5.0, 5.0, 4.0, 4.5, 4.0]"
Hurulu Eco Park Wild Elephant Safari,8.0584389,80.7702566,Habarana,4.128232312085034,"['wild life safaris', 'wildlife viewing', 'elephant rides']","[4.0, 4.0, 4.0]"
Ice fall view point,6.945866,80.7388536,Nanuoya,4.7140605191826594,"['waterfalls', 'hiking', 'photography', 'swimming', 'sightseeing', 'wildlife viewing', 'landscape photography']","[4.0, 3.25, 4.0, 4.0, 3.6666666666666665, 3.0, 4.0]"
Independence Memorial Museum,6.9041085,79.8676062,Colombo,4.576996664912022,"['museum visits', 'arts and culture', 'historical monuments', 'botanical gardens', 'history tours', 'outdoor adventures', 'sightseeing']","[3.25, 3.25, 3.4, 3.5, 3.5, 3.0, 3.0]"
International Buddhist Museum,7.2940263,80.6418502,Kandy,4.668461897108049,"['museum visits', 'arts and culture', 'architecture tours', 'historical monuments', 'cultural experiences']","[4.2, 4.2, 4.0, 4.0, 4.0]"
Isurumuniya Temple,8.3346006,80.3906446,Anuradhapura,4.98887313953796,"['archaeological sites', 'arts and culture', 'architecture photography', 'history tours', 'museum visits', 'temple pilgrimages', 'historic sites', 'historical monuments', 'sightseeing', 'photography', 'cultural experiences', 'hiking', 'landscape photography', 'outdoor adventures', 'wildlife viewing']","[5.0, 5.0, 4.0, 4.0, 4.0, 5.0, 5.0, 5.0, 5.0, 4.0, 5.0, 4.0, 4.0, 4.0, 4.0]"
Jaffna Lagoon Area,9.6576092,80.004428,JaffnaPannaiKayts Rd,4.197701944661347,"['bird watching', 'photography', 'fishing', 'landscape photography', 'sightseeing', 'wildlife viewing', 'beach visits', 'architecture photography', 'historic sites']","[4.5, 4.5, 4.5, 5.0, 4.0, 3.6666666666666665, 4.0, 3.0, 3.0]"
Jaffna Public Library,9.6621275,80.0117309,Jaffna,4.864774372477068,"['architecture photography', 'architecture tours', 'arts and culture', 'cultural experiences', 'historic sites', 'history tours', 'literary tours', 'museum visits', 'sightseeing']","[4.0, 4.0, 5.0, 4.0, 4.0, 4.0, 5.0, 4.0, 4.0]"
Jana Kala Kendraya,6.8901777,79.9217188,Sri Jayawardenepura Kotte,4.163547642396348,"['local crafts', 'arts and culture', 'craft workshops', 'cultural experiences', 'sightseeing']","[4.0, 4.0, 4.0, 4.0, 4.0]"
Jaya Sri Maha Bodhi,8.3448577,80.397303,Anuradhapura,4.698941972598236,"['historical monuments', 'cultural experiences', 'traditional ceremonies', 'temple pilgrimages', 'arts and culture', 'historic sites', 'sightseeing']","[5.0, 3.8, 4.0, 4.4, 3.8, 4.6, 4.0]"
Jayanthi Wewa Hot Spring,7.1408484,81.5523965,Wadinagala,4.322490403756289,"['hot springs', 'hiking']","[3.75, 2.25]"
Jungle Beach,6.0186943,80.2394104,Jungle Beach,4.5971304633121335,"['hiking', 'beach visits', 'swimming', 'snorkeling']","[3.0, 4.6, 4.4, 4.0]"
Kadawatha Wewa,8.6621548,80.541028,Puhudivula Rd,,"['boating', 'fishing', 'bird watching', 'landscape photography', 'hiking', 'sightseeing']","[2.0, 2.0, 3.0, 4.0, 2.0, 3.0]"
Kalametiya Bird Sanctuary Bird Watching Ecotourism,6.0824603,80.9293944,Hungama,4.582633620787541,"['bird watching', 'boat wild life safaris', 'wildlife viewing']","[4.8, 4.0, 4.6]"
Kalmunai Point,8.0633247,79.7550827,Etalai,4.577387579573129,"['photography', 'beach visits', 'outdoor adventures', 'camping', 'landscape photography', 'beachfront dining']","[4.8, 4.2, 4.0, 4.0, 4.0, 4.0]"
Kalpitiya,8.2295281,79.7596142,Kalpitiya,,"['scuba diving', 'paddleboarding', 'fishing', 'kayaking', 'beach visits', 'outdoor adventures']","[1.0, 2.5, 2.0, 3.0, 4.0, 2.0]"
Kalpitiya Dutch Church,8.2373172,79.7647655,Kalpitiya,3.9754467170115246,"['architecture photography', 'architecture tours', 'arts and culture', 'historic sites', 'history tours', 'historical monuments', 'photography', 'sightseeing']","[4.0, 4.0, 4.0, 4.4, 4.0, 4.4, 4.0, 4.0]"
Kalpitiya Lagoon,8.2412725,79.7441936,Kalpitiya Lagoon,4.705466571100926,"['kite surfing', 'beach visits', 'fishing', 'boat wild life safaris', 'dolphin watching', 'kayaking']","[4.5, 5.0, 4.0, 5.0, 5.0, 5.0]"
Kanakarayan Kulam,9.0559875,80.5092656,Kanakarayankulam,4.682019631665017,"['hiking', 'bird watching', 'picnicking', 'landscape photography', 'wildlife viewing', 'sightseeing', 'photography']","[4.5, 5.0, 5.0, 5.0, 5.0, 4.0, 5.0]"
Kandalama,7.8884985,80.7103532,Kandalama,,"['air ballooning', 'photography', 'sightseeing']","[2.8333333333333335, 2.6666666666666665, 1.6666666666666667]"
Kandy,7.2905715,80.6337262,Kandy,,"['cultural festivals', 'tea tasting', 'local crafts', 'public art installations', 'horse shows']","[1.6, 3.4, 2.75, 1.4, 3.3333333333333335]"
Kandy City Centre,7.292022299999998,80.63711479999999,Kandy,4.7988268052122285,"['shopping', 'dining', 'architecture photography', 'city tours', 'local crafts', 'sightseeing', 'arts and culture', 'outdoor adventures', 'museum visits', 'photography', 'temple pilgrimages', 'cultural experiences', 'historic sites', 'historic walks', 'historical monuments']","[5.0, 5.0, 4.0, 4.0, 4.0, 4.0, 4.0, 3.0, 3.0, 3.0, 3.0, 3.0, 3.0, 3.0, 3.0]"
Kandy Lake,7.291201699999999,80.6420565,Kandy,4.687850336499663,"['bird watching', 'sightseeing', 'turtle watching', 'hiking', 'photography', 'arts and culture', 'landscape photography', 'local crafts', 'architecture photography', 'wildlife viewing', 'fishing']","[4.5, 4.0, 4.0, 4.0, 4.0, 4.0, 4.0, 4.0, 3.0, 3.0, 3.0]"
Kandy Lake View Point,7.29289,80.6378493,Kandy,4.379839827981666,"['landscape photography', 'photography', 'hiking', 'sightseeing', 'arts and culture', 'picnicking', 'history tours']","[5.0, 4.5, 4.0, 4.5, 4.0, 4.0, 3.0]"
Kandy National Museum,7.293338899999998,80.6420168,Kandy,3.979050798864877,"['museum visits', 'arts and culture', 'historic sites', 'history tours', 'sightseeing']","[4.0, 4.0, 4.0, 4.0, 4.0]"
Kandyan Cultural Centre,7.2920019,80.6423871,Kandy,4.21534749739736,"['cultural experiences', 'traditional ceremonies', 'arts and culture', 'theater', 'sightseeing']","[4.5, 4.5, 4.5, 5.0, 4.0]"
Kanneliya National Rain Forest Reserve,6.257641599999999,80.3596211,Kanneliya,4.714202692597717,"['hiking', 'wildlife viewing', 'waterfalls', 'bird watching', 'photography']","[4.2727272727272725, 4.818181818181818, 4.5, 5.0, 5.0]"
Kanniya Hot Water Springs,8.6044979,81.17133760000002,Trincomalee,4.303085001081208,"['hot springs', 'historic sites', 'cultural experiences', 'local crafts']","[3.8, 4.0, 3.6666666666666665, 3.0]"
Kataragama,6.4135463,81.33256790000002,Kataragama,,"['temple pilgrimages', 'cultural experiences', 'historic sites', 'arts and culture', 'cultural festivals']","[2.1372549019607843, 2.036363636363636, 3.0, 2.0, 3.0]"
Kattukkarai Kulam,8.8627469,80.0157274,Vavuniya,4.275929723965887,"['bird watching', 'photography', 'picnicking', 'landscape photography', 'wildlife viewing', 'sightseeing', 'hiking']","[4.333333333333333, 5.0, 4.0, 4.0, 4.0, 4.0, 4.0]"
Katugas Ella Waterfall,6.7050077,80.4019678,Ratnapura,4.582147538926632,"['hiking', 'waterfalls', 'swimming', 'photography']","[4.166666666666667, 3.8333333333333335, 3.25, 4.0]"
Katukeliyawa Wewa,8.6815884,80.5708941,Puhudivula,,"['fishing', 'picnic', 'boat rides', 'sunset viewing']","[2.0, 2.0, 3.0, 1.0]"
Kelaniya Raja Maha Viharaya,6.951826,79.9184698,Peliyagoda,4.898599757221787,"['architecture photography', 'architecture tours', 'arts and culture', 'cultural experiences', 'historic sites', 'historical monuments', 'temple pilgrimages', 'sightseeing']","[4.2, 4.2, 4.2, 4.2, 4.2, 4.2, 4.2, 4.2]"
King Sangiliyans Statue,9.6742111,80.0351267,Jaffna,4.314333900894375,"['historical monuments', 'arts and culture', 'photography', 'historic sites', 'sightseeing', 'cultural experiences']","[4.6, 4.0, 4.0, 4.0, 3.5, 4.0]"
Kiranchi Beach,9.3107049,80.1127062,Kiranchi,3.299127690211779,"['fishing', 'beach visits']","[2.6, 1.0]"
Kiri Vehera,7.9632729,81.0036212,Polonnaruwa,4.91199994396797,"['archaeological sites', 'architecture photography', 'arts and culture', 'historic sites', 'historical monuments', 'sightseeing', 'temple pilgrimages', 'cultural experiences', 'local crafts', 'architecture tours', 'history tours', 'historic walks', 'spiritual retreats']","[4.25, 4.0, 4.4, 5.0, 5.0, 4.0, 5.0, 4.0, 4.0, 4.0, 4.0, 4.0, 4.0]"
Kirindi Ella Waterfall,6.6422444,80.5644469,Pelmadulla,4.406321997453743,"['hiking', 'waterfalls', 'landscape photography', 'outdoor adventures', 'photography']","[3.8, 4.8, 4.0, 4.0, 4.0]"
Kiriwalketiya waterfall,6.637441,80.4557783,Nivithigala,,"['waterfalls', 'hiking']","[1.6666666666666667, 1.1666666666666667]"
Kitulgala,6.9897845,80.4270885,Kitulgala,,"['kayaking', 'outdoor adventures']","[2.6666666666666665, 2.25]"
Knuckles,7.442392099999998,80.7809609,Knuckles,4.84311106666193,"['hiking', 'butterfly watching', 'rock climbing', 'mountain biking', 'camping', 'wildlife viewing', 'photography']","[4.666666666666667, 5.0, 5.0, 5.0, 5.0, 4.0, 5.0]"
Knuckles Forest Reserve,7.450159999999999,80.7879407,Gomara,4.792487409623915,"['hiking', 'wildlife viewing', 'waterfalls', 'camping']","[5.0, 4.0, 5.0, 4.0]"
Koggala,6.000704,80.3352364,Koggala,,"['beach visits', 'snorkeling', 'turtle watching', 'scuba diving']","[2.0, 3.0, 2.0, 2.0]"
Koggala Beach,5.992272,80.3106907,Koggala Beach,4.31981137170761,"['snorkeling', 'beach visits', 'scuba diving', 'turtle watching']","[3.6666666666666665, 4.5, 5.0, 5.0]"
Kokkilai Beach,9.0645944,80.9187057,Kokkilai,4.04728411999035,"['beach visits', 'beachfront dining', 'hiking', 'landscape photography']","[4.5, 3.5, 4.0, 3.0]"
Korathota Royal Temple,6.915038,80.0021349,Korathota,4.786664563321446,"['hiking', 'historic sites', 'arts and culture', 'temple pilgrimages', 'architecture tours', 'historical monuments', 'spiritual retreats', 'sightseeing', 'archaeological sites', 'cultural experiences', 'architecture photography', 'history tours']","[3.6, 3.6666666666666665, 3.6, 3.6, 3.6666666666666665, 4.0, 3.25, 4.0, 4.0, 3.5, 3.5, 3.0]"
Kotte Rajamaha Vihara,6.8810081,79.9047497,Sri Jayawardenepura Kotte,4.789718418609164,"['historic sites', 'architecture photography', 'arts and culture', 'cultural experiences', 'temple pilgrimages', 'architecture tours', 'historical monuments', 'elephant rides', 'spiritual retreats']","[4.5, 4.666666666666667, 4.6, 4.4, 4.5, 4.333333333333333, 4.0, 4.0, 5.0]"
Kuda Meegaskada Wewa,8.6677438,80.5716299,Puhudivula,,"['hiking', 'bird watching', 'fishing', 'landscape photography', 'wildlife viewing', 'picnic']","[2.0, 2.0, 2.0, 2.0, 2.0, 3.0]"
Kudawa Beach Kalpitiya,8.2273054,79.7281564,Kalpitiya,4.321065917673263,"['beach visits', 'swimming', 'sunbathing', 'kitesurfing', 'fishing', 'long walks', 'photography', 'dolphin watching', 'boat wild life safaris', 'sailing']","[4.75, 4.5, 4.0, 5.0, 0.0, 4.0, 4.0, 5.0, 5.0, 5.0]"
Kumana National Park,6.5729598,81.6692532,Okanda,4.496874391935142,"['bird watching', 'wildlife viewing', 'wild life safaris', 'landscape photography']","[5.0, 5.0, 4.5, 5.0]"
Lahugala Magul Maha Viharaya,6.8673471,81.7366519,Lahugala,4.851930093445779,"['archaeological sites', 'historic sites', 'architecture', 'arts and culture', 'historical monuments', 'history tours', 'sightseeing', 'cultural experiences', 'temple pilgrimages', 'architecture photography', 'landscape photography', 'photography', 'hiking', 'historic walks']","[5.0, 5.0, 5.0, 5.0, 5.0, 4.0, 5.0, 5.0, 5.0, 4.0, 4.0, 4.0, 4.0, 4.0]"
Lake side cabana,8.5742414,81.2205383,Trincomalee ,,"['beach visits', 'water parks', 'outdoor adventures', 'sightseeing', 'beachfront dining', 'fishing', 'kayaking', 'paddleboarding', 'wildlife viewing', 'hiking', 'cycling']","[3.0, 3.0, 3.0, 2.0, 2.0, 2.0, 2.0, 2.0, 2.0, 2.0, 2.0]"
Lankavatara Beach,6.0736968,80.9263157,Kalametiya,4.489970063672471,"['beach visits', 'beachfront dining', 'fishing']","[4.333333333333333, 3.0, 4.0]"
Laxapana Falls,6.899600700000001,80.50104089999999,Laxapana ,4.975985762487259,"['hiking', 'waterfalls', 'landscape photography', 'sightseeing']","[4.0, 4.5, 5.0, 5.0]"
Leisure World,6.9167,80.0667,Hanwella,,"['themed parks', 'water parks', 'amusement parks']","[1.6, 1.2, 1.5]"
Limestone Caves,9.820859400000002,80.1445444,Valvettithurai,4.281522417962568,"['caving', 'hiking', 'landscape photography', 'sightseeing']","[4.0, 4.0, 4.0, 4.0]"
Lionel Wendt Art Centre,6.9068713,79.8606262,Colombo ,4.693601694780707,"['arts and culture', 'theater', 'cultural experiences']","[4.0, 3.6, 5.0]"
Lions Mouth Rock Kadugannawa,7.2538553,80.5065411,Kadugannawa,4.57546847132226,"['hiking', 'historic sites', 'photography', 'sightseeing']","[3.6, 3.5, 3.6666666666666665, 3.5]"
Lissana gala,6.6199775,80.3737443,Digana,4.670106738917303,"['hiking', 'landscape photography', 'picnicking', 'wildlife viewing']","[4.2, 4.25, 5.0, 4.5]"
Lotus Pond Ancient Nelum Pokuna,7.9748656,81.0040111,Polonnaruwa,4.31961666535176,"['archaeological sites', 'architecture photography', 'arts and culture', 'historic sites', 'historical monuments', 'photography', 'sightseeing']","[5.0, 5.0, 5.0, 5.0, 5.0, 5.0, 5.0]"
Lotus Pond Nelum pokuna II II,7.9838244,81.0038763,Polonnaruwa,4.040758998526764,"['archaeological sites', 'architecture photography', 'historic sites', 'sightseeing', 'architecture', 'arts and culture', 'historical monuments', 'photography', 'wildlife viewing', 'historic walks', 'cultural experiences', 'architecture tours', 'landscape photography']","[4.0, 3.5, 3.6666666666666665, 3.6666666666666665, 4.0, 3.6666666666666665, 3.6666666666666665, 4.0, 3.0, 3.0, 3.5, 3.0, 3.0]"
Lunuganga,6.4033838,80.0218791,Bentota,4.6874177830347294,"['botanical gardens', 'architecture tours', 'architecture photography', 'arts and culture', 'history tours']","[5.0, 5.0, 5.0, 5.0, 5.0]"
Madola Ella,6.621315,80.4815627,Ratnapura,4.508882893482684,"['hiking', 'waterfalls', 'photography', 'swimming', 'picnicking']","[3.6666666666666665, 4.8, 4.8, 4.0, 5.0]"
Madu Ganga,6.3140994,80.0916463,Madu Ganga,4.586533556234484,"['river cruises', 'bird watching', 'arts and culture', 'cultural experiences', 'fish therapy', 'local crafts', 'wildlife viewing']","[4.0, 4.0, 5.0, 4.0, 3.0, 4.0, 4.0]"
Madunagala Hot Water Spring,6.253630099999999,80.9817108,Hambantota,4.547318370491014,"['hot springs', 'animal encounters', 'aquarium']","[4.785714285714286, 2.0, 2.0]"
Maha Meegaskada Wewa,8.6722842,80.5746271,Puhudivula,,"['bird watching', 'hiking', 'cultural experiences', 'wildlife viewing', 'photography', 'sightseeing', 'fishing', 'camping']","[0.0, 0.0, 0.0, 0.0, 1.0, 1.0, 1.0, 1.0]"
Maha Oya Hot Water Springs,7.552181099999999,81.3530409,Maha Oya Hot Water Springs,4.334712968687681,['hot springs'],[4.0]
"Maha Viharaya, Anuradhapura",8.3446885,80.3965833,Anuradhapura,4.649299505477496,"['historical monuments', 'temple pilgrimages', 'architecture photography', 'architecture tours', 'cultural experiences', 'historic sites', 'history tours', 'sightseeing', 'arts and culture', 'spiritual retreats', 'historic walks', 'photography', 'wildlife viewing', 'archaeological sites']","[4.666666666666667, 4.5, 3.5714285714285716, 3.6666666666666665, 3.5714285714285716, 3.5714285714285716, 3.5714285714285716, 3.5714285714285716, 3.6666666666666665, 4.0, 3.0, 3.0, 3.0, 3.0]"
Mahakarambewa Wewa,8.0347222,79.9422222,Mahakarambewa Wewa,,"['fishing', 'bird watching', 'hiking', 'landscape photography']","[2.5, 3.0, 2.0, 2.0]"
Mahamevnawa Buddhist Monastery Galle,6.0414191,80.2738168,Padinnoruwa,4.754380650933423,"['meditation', 'architecture tours', 'spiritual retreats', 'arts and culture', 'historic sites', 'historical monuments', 'cultural experiences', 'sightseeing', 'architecture photography', 'temple pilgrimages', 'yoga retreats']","[4.25, 4.25, 3.8, 4.0, 4.0, 4.0, 3.5, 4.0, 4.0, 4.0, 4.0]"
Mahamevnawa Buddhist Monastery Polgahawela,7.3417595,80.2536578,Polgahawela,4.886434986320498,"['meditation', 'spiritual retreats', 'arts and culture', 'historic sites', 'architecture tours', 'cultural experiences', 'architecture photography', 'architecture']","[4.027777777777778, 4.019230769230769, 4.0588235294117645, 4.0, 4.0, 4.0, 4.0, 4.0]"
Makandawa Conservation Center Makandawa Forest,6.9909196,80.40536829999999,Kitulgala,4.632205915442187,"['bird watching', 'hiking', 'wildlife viewing', 'waterfalls', 'river rafting', 'boat wild life safaris']","[4.333333333333333, 4.545454545454546, 4.5, 4.833333333333333, 5.0, 4.0]"
Maligawila Buddha Statue,6.7283835,81.3523636,Okkampitiya,4.405262756257789,"['archaeological sites', 'arts and culture', 'historic sites', 'historical monuments', 'temple pilgrimages', 'sightseeing', 'photography', 'hiking', 'cultural experiences']","[5.0, 5.0, 4.0, 5.0, 5.0, 5.0, 4.0, 3.0, 5.0]"
Mandathivu Beach,9.6035805,80.0002593,Mandaitivu South,4.704938451386406,"['beach visits', 'fishing', 'wildlife viewing', 'landscape photography']","[3.6666666666666665, 3.3333333333333335, 3.4, 4.0]"
Manelwatta Temple,6.9449211,79.9513614,Gampaha,4.79012419198965,"['architecture photography', 'arts and culture', 'historic sites', 'temple pilgrimages', 'spiritual retreats', 'architecture', 'landscape photography', 'photography', 'sightseeing', 'hiking', 'cultural experiences', 'historical monuments']","[5.0, 5.0, 4.0, 5.0, 5.0, 5.0, 5.0, 4.0, 5.0, 5.0, 5.0, 4.0]"
Mannar Dutch Fort,8.9758559,79.9169964,Mannar,4.403441733331219,"['architecture photography', 'historic sites', 'historical monuments', 'history tours', 'sightseeing', 'photography']","[5.0, 4.4, 4.4, 4.4, 4.25, 5.0]"
Marakolliya,6.0613722,80.818401,Marakolliya,,"['beach visits', 'surfing', 'whale watching']","[2.2, 2.2, 1.0]"
Marakolliya Beach,6.0422218,80.823073,Kapuhenwala Road,4.334712968687681,"['surfing', 'beach visits', 'whale watching', 'beachfront dining']","[4.0, 5.0, 4.25, 3.0]"
Maritime Museum,6.028025,80.2180559,Galle ,4.307447745147544,"['museum visits', 'arts and culture', 'historic sites', 'history tours']","[4.4, 4.4, 4.4, 4.5]"
Martin Wickramasinghe Folk Museum,5.989937,80.328019,Koggala,4.785700825880812,"['arts and culture', 'cultural experiences', 'museum visits', 'historic sites', 'local crafts', 'literary tours']","[3.8, 3.8, 3.8, 3.5, 4.0, 3.0]"
Mayan Water Park,7.0688943,79.9022359,Negombo,3.762065331369553,['water parks'],[2.8]
Meemure,7.4326453,80.8460822,Meemure,,"['hiking', 'camping']","[2.0, 2.2]"
Mekichchawa Wewa,8.6611522,80.542828,Puhudivula Rd,,"['hiking', 'fishing', 'landscape photography', 'bird watching', 'sightseeing', 'wildlife viewing']","[1.0, 1.0, 2.0, 1.0, 1.0, 1.0]"
Menik Ganga Dunhinda Falls,6.8484252,81.2383577,Buttala Rd,3.155875558539724,"['hiking', 'waterfalls']","[2.0, 2.142857142857143]"
Midigama Right,5.9648146,80.3836423,Midigama,4.736269598495007,"['beach visits', 'beachfront dining', 'snorkeling']","[3.4, 3.5, 3.5]"
Mihintale,8.35,80.5,Mihintale,4.761327233632196,"['archaeological sites', 'historic sites', 'hiking', 'cultural experiences', 'architecture', 'arts and culture', 'traditional ceremonies', 'temple pilgrimages']","[5.0, 4.6, 3.8, 4.75, 4.8, 4.8, 4.0, 4.0]"
Millella Small Waterfall,7.4327001,80.4044365,Indulgodakanda,4.1084150131989,"['hiking', 'waterfalls', 'picnic', 'family photos', 'relaxing']","[3.25, 2.0, 4.0, 4.0, 4.0]"
Minneriya National Park,8.0156443,80.84467029999999,Habarana,4.594775862098412,"['wildlife viewing', 'wild life safaris', 'photography', 'elephant rides']","[4.4, 4.2, 4.5, 3.0]"
Mirisawetiya,8.3449317,80.3889742,Anuradhapura,4.984588695264214,"['archaeological sites', 'architecture photography', 'arts and culture', 'cultural experiences', 'historic sites', 'historical monuments', 'history tours', 'sightseeing', 'wildlife viewing', 'temple pilgrimages']","[4.5, 4.5, 5.0, 4.5, 4.0, 5.0, 4.0, 4.0, 4.0, 4.0]"
Mirissa,5.948262,80.4715866,Mirissa,,"['sea cruises', 'whale watching', 'beach visits', 'wildlife viewing']","[1.6666666666666667, 1.6666666666666667, 3.0, 2.0]"
Mirissa Beach,5.9447028,80.45916079999999,Mirissa,4.5960978769733964,"['beach visits', 'beachfront dining', 'whale watching', 'surfing', 'snorkeling']","[4.4, 4.25, 5.0, 3.5, 5.0]"
Mirissa whale Explorers,5.947407,80.451632,Weligama,3.951999920728879,"['whale watching', 'beach visits', 'wildlife viewing', 'boat wild life safaris', 'turtle watching']","[2.0, 4.0, 2.2, 2.4, 1.0]"
Monument of Victory,9.3219796,80.7261394,ParantanMullaitivu Hwy,4.322942479305077,"['historical monuments', 'architecture photography', 'history tours', 'arts and culture', 'historic sites', 'sightseeing', 'architecture tours', 'cultural experiences', 'photography']","[2.75, 3.5, 2.5, 2.6666666666666665, 3.5, 2.5, 3.0, 2.6666666666666665, 3.0]"
Moon Plains,6.9523269,80.7964041,Nuwara Eliya,4.597221379326006,"['wildlife viewing', 'landscape photography', 'hiking', 'wild life safaris']","[4.0, 4.0, 4.0, 3.5]"
Mullaitivu Beach,9.271618,80.8194644,Mullaitivu,4.123725570973834,"['beach visits', 'swimming', 'sunbathing', 'photography', 'fishing', 'beachfront dining', 'picnicking']","[5.0, 5.0, 5.0, 4.333333333333333, 3.0, 3.0, 5.0]"
Muthiyangana Raja Maha Vihara,6.9842184,81.0613561,Badulla,4.499362221701413,"['architecture photography', 'architecture tours', 'arts and culture', 'cultural experiences', 'history tours', 'historical monuments', 'temple pilgrimages', 'spiritual retreats', 'sightseeing', 'historic sites', 'archaeological sites', 'museum visits']","[5.0, 5.0, 5.0, 5.0, 5.0, 5.0, 5.0, 5.0, 4.0, 4.0, 4.0, 4.0]"
N Uyana Forest Monastery,7.7387408,80.5159067,Polgahangoda,4.4966003082599775,"['meditation', 'hiking', 'cultural experiences', 'arts and culture', 'spiritual retreats', 'historic sites', 'historical monuments']","[5.0, 3.75, 5.0, 5.0, 5.0, 4.0, 4.0]"
Nallur Kandaswamy Devasthanam,9.6743625,80.0298281,Jaffna,4.400660611644491,"['architecture photography', 'arts and culture', 'cultural experiences', 'temple pilgrimages', 'sightseeing']","[4.25, 4.142857142857143, 4.142857142857143, 3.857142857142857, 5.0]"
"Nanu Oya Water Falls, Nanu Oya",6.9451534,80.7387815,Nanuoya,4.769450597483243,"['waterfalls', 'landscape photography', 'hiking', 'sightseeing', 'tea tasting', 'photography', 'cultural experiences']","[4.75, 4.0, 3.3333333333333335, 4.0, 4.0, 4.0, 4.0]"
Narangala Golden Mountain,7.0412169,81.0215229,Bokanoruwa,4.482915108459039,"['hiking', 'photography', 'wildlife viewing', 'landscape photography']","[3.5, 4.5, 3.5, 4.0]"
Narangala N view point,7.025305,80.9936217,Narangala,,['hiking'],[2.2]
National Gallery of Art,6.911458,79.860176,Colombo,4.887540454328335,"['arts and culture', 'art classes', 'museum visits']","[4.75, 4.0, 4.5]"
National Museum Galle,6.0289175,80.2168789,Galle ,4.231901677636773,"['museum visits', 'architecture tours', 'historic sites', 'history tours', 'arts and culture', 'cultural experiences', 'architecture photography', 'sightseeing']","[4.0, 4.0, 4.0, 4.0, 4.0, 4.0, 3.0, 3.0]"
National Railway Museum,7.2576222,80.5208309,Kadugannawa,4.681513819689488,"['museum visits', 'arts and culture', 'history tours', 'historic sites', 'cultural experiences', 'sightseeing']","[4.0, 4.0, 4.0, 4.0, 4.0, 4.0]"
National Shrine of Our Lady of Madhu,8.8548578,80.202911,Madu,4.499410521286014,"['architecture', 'arts and culture', 'local crafts', 'spiritual retreats', 'historic sites', 'historical monuments', 'temple pilgrimages']","[4.029850746268656, 5.0, 4.0, 5.0, 5.0, 5.0, 5.0]"
National Spice Garden of Sri Lanka,7.4529379,80.6410087,Matale,4.406971922425623,"['botanical gardens', 'cultural experiences', 'tea tasting', 'arts and culture', 'sightseeing']","[3.8, 4.25, 4.0, 3.3333333333333335, 3.6]"
Nawanalla waterfall,6.663765,80.3358393,Elapatha,4.680168892944836,"['hiking', 'waterfalls', 'photography']","[3.2, 4.6, 4.0]"
Negombo,7.205520799999999,79.8512562,Negombo,,"['sailing lessons', 'scuba diving', 'paddleboarding', 'beach visits', 'fishing', 'kayaking', 'sailing']","[1.0, 3.0, 3.0, 2.0, 2.0, 3.6666666666666665, 2.0]"
Negombo Lagoon,7.1580045,79.84648039999999,Negombo Lagoon,4.493660323264676,"['boat wild life safaris', 'bird watching', 'wildlife viewing']","[4.0, 4.0, 4.0]"
Neithal Eco Park Mandaitivu,9.6233803,80.0039303,Jaffna,4.517458621154901,"['beach visits', 'hiking', 'picnic', 'beachfront dining', 'wildlife viewing']","[4.4, 4.0, 5.0, 3.0, 4.0]"
Neithal Park,9.6437491,80.1008993,Chavakachcheri,3.5747997849770834,"['playground', 'outdoor adventures', 'arts and culture', 'sightseeing']","[2.75, 2.0, 2.0, 2.0]"
Nelum Pokuna Theatre,6.910803199999999,79.86344670000001,Colombo ,4.400376337848174,"['theater', 'architecture', 'arts and culture', 'architecture photography']","[4.2, 4.25, 4.2, 4.0]"
Nelung Arts Centre,6.9170317,79.8601663,Colombo ,4.560361484735404,"['architecture photography', 'theater', 'arts and culture', 'art classes', 'cultural experiences', 'cultural workshops', 'local crafts', 'museum visits', 'public art installations']","[5.0, 5.0, 4.8, 4.0, 5.0, 4.0, 4.0, 5.0, 4.0]"
Neluwa Doovili Ella,6.3912983,80.3922753,Warukandeniya,4.497111723206543,"['waterfalls', 'hiking', 'swimming', 'sightseeing', 'photography']","[4.8, 3.8, 5.0, 4.666666666666667, 4.0]"
New Kallady Bridge Batticaloa,7.7192362,81.707114,Kallady,4.67823185289523,"['architecture photography', 'historic sites', 'historic walks', 'sightseeing', 'cultural experiences', 'landscape photography', 'wildlife viewing']","[5.0, 4.8, 4.4, 4.833333333333333, 5.0, 4.0, 4.0]"
New Kallady bridge view point,7.7190874,81.7047208,Batticaloa,3.649885591415477,"['photography', 'sightseeing', 'landscape photography', 'architecture photography']","[4.0, 3.0, 4.0, 4.0]"
"Nilavarai, Natural underground water well , ,",9.7543792,80.0882614,Urumpirai North Sri Lanka,4.402583534890188,"['historic sites', 'cultural experiences', 'arts and culture', 'sightseeing', 'landscape photography', 'local crafts']","[3.8333333333333335, 3.8333333333333335, 3.8, 3.8333333333333335, 5.0, 3.0]"
Nilaveli Beach,8.7003072,81.19205000000001,Nilaveli Beach,4.498445630530584,"['beach visits', 'kayaking', 'beachfront dining', 'snorkeling']","[4.0, 4.0, 4.0, 5.0]"
Nine Arches Bridge,6.876815099999999,81.0608465,Ella,,"['hiking', 'architecture photography', 'sightseeing', 'photography']","[3.0, 2.0, 2.0, 1.25]"
Nissanka Lata Mandapa,7.9475196,81.0011315,Polonnaruwa,4.733007806291995,"['archaeological sites', 'architecture photography', 'arts and culture', 'historical monuments', 'history tours', 'sightseeing', 'architecture tours']","[4.333333333333333, 4.2, 4.166666666666667, 4.166666666666667, 4.166666666666667, 4.166666666666667, 4.0]"
"Nuraicholai Casuarina Beach , KasaKale",8.0460703,79.7107844,Ilanthadiya,4.338946257552032,"['beach visits', 'landscape photography', 'hiking', 'wildlife viewing']","[3.6, 4.0, 4.0, 4.0]"
Nuwara Eliya,6.949716599999999,80.7891068,Nuwara Eliya,,"['horseback riding', 'tea tasting', 'horse shows', 'golfing', 'afternoon tea']","[2.3333333333333335, 2.75, 2.3333333333333335, 1.5, 4.0]"
Nuwara Eliya Golf Club,6.971737,80.76573069999999,Nuwara Eliya ,4.115253590159598,['golfing'],[3.6666666666666665]
Nuwara Eliya Mountains view point,6.9834547,80.7504763,Nuwara Eliya,4.107906022526604,"['hiking', 'sightseeing', 'photography']","[4.0, 4.25, 4.0]"
Nuwara Wewa View Point,8.336791,80.416116,Anuradhapura,,"['landscape photography', 'sightseeing', 'photography']","[2.5, 2.25, 2.25]"
Okanda Beach,6.6501404,81.7761872,Okanda,4.2256388291603,"['beach visits', 'cultural experiences', 'historic sites', 'wildlife viewing', 'landscape photography', 'hiking', 'fishing']","[4.0, 3.857142857142857, 4.0, 4.0, 4.0, 4.0, 4.0]"
"Our Lady of Refuge OLR Church, Jaffna",9.6631455,80.018255,Jaffna,4.338018965705555,"['architecture photography', 'arts and culture', 'historic sites', 'historical monuments', 'spiritual retreats', 'sightseeing']","[4.25, 4.571428571428571, 4.571428571428571, 4.571428571428571, 5.0, 4.0]"
Paduwasnuwara Museum,7.6052096,80.1015032,Kottamba Pitiya,4.408501375493353,"['museum visits', 'historic sites', 'archaeological sites', 'historical monuments', 'history tours', 'photography']","[3.2, 3.2, 3.2, 4.0, 3.5, 4.0]"
Palace of King Nishshanka Malla,7.943796,80.9980073,Polonnaruwa,4.645381739991667,"['archaeological sites', 'architecture photography', 'history tours', 'museum visits', 'historic sites', 'architecture tours', 'historical monuments', 'arts and culture', 'sightseeing', 'photography', 'cultural experiences']","[4.25, 4.0, 3.0, 4.0, 4.5, 3.5, 4.5, 4.0, 4.0, 4.0, 4.0]"
Pallikuda Beach,9.4841224,80.1857761,Pallikuda,3.858939655410643,"['beach visits', 'beachfront dining']","[3.6, 1.0]"
Palugollewa Wewa,8.6522733,80.5562767,Puhudivula Rd,4.421162998568558,"['hiking', 'wildlife viewing', 'photography', 'bird watching', 'landscape photography']","[3.75, 4.0, 3.8, 4.0, 4.0]"
Panakala Lagoon,6.7326081,81.7937386,Lahugala,,"['bird watching', 'boat wild life safaris', 'fishing', 'wildlife viewing', 'landscape photography', 'sightseeing']","[2.0, 2.0, 3.0, 3.0, 3.0, 2.0]"
Panama Wewa,6.7545084,81.7733721,Panama,4.801273465462631,"['wildlife viewing', 'landscape photography']","[4.2, 4.5]"
Pandalawa Ella,6.7377419,80.399637,Ratnapura,3.983244348878704,"['hiking', 'waterfalls', 'meditation', 'relaxation', 'picnic', 'sightseeing', 'photography']","[4.5, 4.8, 5.0, 5.0, 5.0, 4.0, 4.0]"
Panduwasnuwara Kingdom,7.6033584,80.1025672,Kottamba Pitiya,4.759291824875997,"['archaeological sites', 'historic sites', 'historical monuments', 'arts and culture', 'architecture photography', 'sightseeing', 'historic walks']","[2.5, 2.5, 2.5, 2.5, 4.0, 2.5, 2.5]"
Parakrama Samudraya,7.9404788,80.9978484,Polonnaruwa,4.409442983538503,"['bird watching', 'historic sites', 'historical monuments', 'sightseeing', 'landscape photography', 'wildlife viewing', 'hiking', 'historic walks', 'architecture photography', 'arts and culture', 'history tours', 'fishing']","[4.25, 4.5, 4.25, 4.25, 4.5, 4.25, 4.0, 4.0, 4.25, 4.25, 4.25, 4.0]"
Parappudva Island Temple,6.1115676,80.1383425,Rathgama,4.489161197839605,"['meditation', 'architecture photography', 'cultural experiences', 'spiritual retreats', 'historic sites', 'arts and culture', 'sightseeing', 'temple pilgrimages', 'outdoor adventures', 'yoga retreats', 'photography', 'hiking', 'architecture tours', 'history tours']","[5.0, 4.0, 4.0, 4.0, 3.0, 4.0, 4.0, 4.0, 3.0, 4.0, 4.0, 4.0, 4.0, 3.0]"
Paravagale ampara,7.2954816,81.6095117,Himidurawa Rd,4.126983330376612,"['swimming', 'beach visits', 'picnic', 'camping', 'landscape photography']","[4.666666666666667, 4.5, 5.0, 4.0, 4.0]"
Pareiyan Ella Falls,6.8498703,81.237553,Badalkumbura,4.635743223519608,"['hiking', 'waterfalls', 'photography', 'sightseeing', 'outdoor adventures']","[4.0, 5.0, 4.0, 4.0, 4.0]"
Parewi Duwa Temple,5.9413814,80.5492554,Matara,4.402992961683217,"['temple pilgrimages', 'architecture photography', 'architecture tours', 'arts and culture', 'beach visits', 'landscape photography', 'spiritual retreats', 'sightseeing', 'cultural experiences', 'hiking']","[5.0, 5.0, 5.0, 5.0, 5.0, 5.0, 5.0, 5.0, 5.0, 5.0]"
Pasikuda Beach,7.9299939,81.5611852,Pasikuda Beach,4.40250334127363,"['beach visits', 'beachfront dining', 'snorkeling', 'kayaking', 'photography', 'swimming', 'fishing']","[3.975, 3.0, 4.0, 4.0, 4.0, 4.0, 4.0]"
Peacocks Rock,6.13578,81.1444056,Hambantota,4.296177650356791,"['hiking', 'photography', 'sightseeing']","[4.2, 4.0, 4.0]"
Pearl Bay,6.737,79.9853,Bandaragama,4.688055648904738,"['themed parks', 'amusement parks', 'beach visits', 'ferris wheel', 'water parks']","[4.0, 4.0, 4.0, 5.0, 4.0]"
Peradeniya,7.2698653,80.59383299999999,Peradeniya,4.799174420590857,"['botanical gardens', 'wildlife viewing', 'animal encounters', 'sightseeing', 'photography', 'hiking', 'arts and culture', 'cultural experiences']","[3.8, 3.5, 3.5, 3.5, 3.5, 3.5, 3.5, 3.5]"
Pesalai Beach,9.0911748,79.8100761,Pesalai,4.786515375248282,"['beach visits', 'beachfront dining', 'fishing', 'swimming', 'sunbathing', 'wildlife viewing']","[4.4, 4.25, 4.0, 4.0, 5.0, 3.0]"
Pidurangala Rock,7.966388599999999,80.7618379,Sigiriya,4.89730954207481,"['hiking', 'archaeological sites', 'landscape photography', 'arts and culture', 'photography', 'sightseeing', 'historic sites']","[4.333333333333333, 4.0, 4.5, 4.0, 5.0, 4.5, 4.0]"
Piduruthalagala Conservation Forest,7.0216667,80.7561111,Nuwara Eliya,4.306433507492478,"['hiking', 'waterfalls', 'wildlife viewing']","[4.2, 4.0, 4.0]"
Pigeon Island,8.721837,81.204071,Pigeon Island,4.490999923206101,"['snorkeling', 'beach visits', 'wildlife viewing', 'hiking', 'scuba diving', 'turtle watching']","[4.25, 4.0, 4.0, 3.0, 5.0, 4.0]"
Pinnawala,7.3014952,80.3867417,Rambukkana,,"['elephant rides', 'animal encounters']","[2.4, 3.0]"
Pinnawala Elephant Orphanage,7.3008545,80.38885499999999,Rambukkana,3.614144120696994,"['animal encounters', 'wildlife viewing', 'cultural experiences']","[4.142857142857143, 4.142857142857143, 3.4]"
Pitawala Nature Trail,7.5489826,80.75147299999999,Pitawala Nature Trail,,"['hiking', 'photography']","[1.8333333333333333, 3.0]"
Pitawala Patana Trail,7.546518,80.746873,Matale,4.646116514789985,"['hiking', 'bird watching', 'butterfly watching', 'landscape photography', 'wildlife viewing', 'photography']","[4.333333333333333, 4.5, 5.0, 4.5, 4.25, 4.0]"
Polonnaruwa,7.940338400000001,81.0187984,Polonnaruwa,,"['historical monuments', 'cultural festivals', 'local crafts', 'historic sites', 'public art installations', 'spiritual retreats', 'cultural experiences', 'temple pilgrimages', 'traditional ceremonies', 'arts and culture']","[3.0, 2.0, 1.75, 3.0, 1.0, 3.0, 2.0, 3.0, 3.0, 2.0]"
Polonnaruwa Ancient City,7.945942499999999,81.0003294,Polonnaruwa,4.308603429739403,"['museum visits', 'cycling', 'historic sites', 'architecture tours', 'architecture photography', 'historic walks', 'cultural experiences', 'historical monuments']","[5.0, 5.0, 5.0, 5.0, 5.0, 5.0, 5.0, 5.0]"
Polonnaruwa Sivan Kovil,7.9462875,81.0013281,Polonnaruwa,4.7131835857049325,"['archaeological sites', 'architecture photography', 'arts and culture', 'cultural experiences', 'historic sites', 'historical monuments', 'photography', 'temple pilgrimages', 'sightseeing']","[5.0, 4.0, 5.0, 5.0, 5.0, 5.0, 4.0, 5.0, 4.0]"
Porawagala Viewpoint,6.8301766,81.0127674,Bandarawela,4.141629589810571,"['sightseeing', 'hiking', 'landscape photography', 'photography', 'picnic']","[4.75, 3.5, 5.0, 5.0, 5.0]"
Port City Colombo,6.9378036,79.8368426,Port City Colombo,,"['sea cruises', 'kayaking', 'amusement parks', 'sailing']","[2.0, 2.5, 1.5, 1.0]"
Potgul Temple,7.9245435,80.9945329,Polonnaruwa,4.40494856185434,"['archaeological sites', 'architecture photography', 'historic sites', 'history tours', 'cultural experiences', 'temple pilgrimages', 'spiritual retreats', 'sightseeing', 'photography', 'architecture tours', 'historical monuments', 'arts and culture']","[4.0, 4.0, 4.0, 3.0, 4.0, 4.0, 4.0, 4.0, 4.0, 3.0, 4.0, 4.0]"
Pudumala camp site,7.0468776,81.0045657,Bokanoruwa,3.762207556274135,"['camping', 'hiking', 'landscape photography']","[2.8, 4.4, 5.0]"
Rajanawa Waterfall,6.6546971,80.4413698,Ratnapura,4.412861994819684,"['waterfalls', 'hiking', 'swimming', 'photography', 'picnicking']","[4.6, 4.333333333333333, 5.0, 4.0, 4.5]"
Ram setu,9.079482,79.699222,Talaimannar Village South,4.303047482525132,"['boat wild life safaris', 'historic sites', 'historical monuments', 'history tours', 'beach visits', 'cycling', 'landscape photography', 'sightseeing', 'hiking', 'architecture photography', 'photography']","[5.0, 5.0, 5.0, 4.0, 5.0, 5.0, 5.0, 4.0, 4.0, 5.0, 5.0]"
Ramboda Falls,7.054569199999999,80.705331,Ramboda,4.401129440877429,"['hiking', 'photography', 'waterfalls', 'sightseeing', 'picnicking']","[4.2, 4.666666666666667, 4.833333333333333, 5.0, 5.0]"
Ranmasu Uyana Royal Park,8.3384222,80.3898477,Anuradhapura,4.679702673645552,"['botanical gardens', 'historic sites', 'historical monuments', 'architecture photography', 'historic walks', 'landscape photography', 'arts and culture', 'cultural experiences', 'sightseeing', 'archaeological sites']","[4.5, 3.75, 3.8, 4.0, 4.0, 4.0, 3.6, 3.6, 3.6, 4.0]"
Rathmalwetiya Wewa,8.6488318,80.5454814,Lolugaswewa,4.674882226457108,"['hiking', 'bird watching', 'picnicking', 'sightseeing', 'boat wild life safaris', 'wildlife viewing', 'fishing', 'photography', 'meditation', 'reading']","[5.0, 5.0, 4.0, 5.0, 4.0, 5.0, 4.0, 5.0, 5.0, 5.0]"
Ravan Ella Waterfall,6.959179100000001,80.8547844,Nuwara Eliya,4.492062924402231,"['hiking', 'photography', 'sightseeing', 'waterfalls']","[4.0, 4.0, 4.0, 4.5]"
Ravanas Cave,6.8644786,81.0486417,Ella,3.917801515774915,"['hiking', 'caving', 'bird watching']","[3.375, 2.375, 4.0]"
Rawana Abyss,8.5820184,81.2453797,Trincomalee,4.248447697008085,"['historic sites', 'historical monuments', 'arts and culture', 'beach visits', 'hiking', 'temple pilgrimages', 'sightseeing', 'archaeological sites', 'history tours', 'landscape photography', 'cultural experiences', 'architecture photography', 'wildlife viewing']","[5.0, 5.0, 5.0, 4.5, 3.0, 5.0, 5.0, 5.0, 4.0, 5.0, 5.0, 5.0, 4.0]"
Rekawa Beach,6.043180699999999,80.8606343,Rekawa Road,4.413625492229071,"['beach visits', 'turtle watching']","[4.333333333333333, 4.333333333333333]"
Richmond Castle,6.6015528,79.9753241,Kalutara,4.402088161510265,"['architecture tours', 'architecture photography', 'historical monuments', 'history tours', 'botanical gardens', 'historic sites', 'arts and culture', 'architecture']","[4.0, 4.0, 4.0, 3.4, 4.0, 2.8, 3.0, 2.8]"
Ridiyagama Safari Park,6.2468436,80.9824649,Ridiyagama,4.40069621623849,"['wild life safaris', 'animal encounters', 'elephant rides', 'wildlife viewing', 'cultural experiences']","[4.0, 3.75, 5.0, 3.7142857142857144, 4.0]"
Ridiyagama waterfront,6.2092173,80.968159,Siyambalagoda,,"['beach visits', 'beachfront dining', 'sightseeing', 'hiking', 'photography', 'kayaking', 'sailing', 'wildlife viewing', 'fishing', 'cycling', 'landscape photography', 'architecture photography', 'bird watching', 'outdoor adventures', 'boat wild life safaris', 'river cruises']","[2.0, 2.0, 2.0, 2.0, 2.0, 2.0, 2.0, 2.0, 2.0, 2.0, 2.0, 2.0, 2.0, 2.0, 2.0, 2.0]"
Rillamba Surf Point,6.0328948,80.2167912,Galle,,"['surfing', 'beach visits']","[1.3333333333333333, 1.8333333333333333]"
Ritigala,8.1091667,80.6547222,Ritigala,4.65926773829887,"['hiking', 'archaeological sites', 'historic sites', 'arts and culture', 'cultural experiences', 'landscape photography', 'photography', 'architecture photography', 'wildlife viewing']","[4.25, 4.25, 4.25, 4.0, 4.0, 4.0, 4.0, 4.0, 4.0]"
Ritigala Strict Natural Reserve,8.1166667,80.64999999999999,Palugaswewa,4.87577995907389,"['hiking', 'archaeological sites', 'historic sites', 'historical monuments', 'landscape photography', 'sightseeing', 'wildlife viewing']","[4.4, 4.4, 4.4, 4.4, 5.0, 4.0, 4.0]"
Riverston,7.526674,80.7370517,Matale,4.400995656589312,"['hiking', 'waterfalls', 'wildlife viewing', 'landscape photography', 'sightseeing']","[4.0, 3.6666666666666665, 4.0, 3.0, 4.0]"
"Royal Botanic Gardens, Peradeniya",7.268189299999998,80.5966332,Kandy,4.699417631115115,"['botanical gardens', 'orchid house', 'bird watching', 'landscape photography', 'hiking', 'wildlife viewing', 'arts and culture', 'historical monuments', 'sightseeing', 'rose garden', 'photography', 'cycling', 'temple pilgrimages', 'outdoor adventures']","[5.0, 5.0, 4.0, 4.0, 4.0, 4.0, 4.0, 4.0, 4.0, 5.0, 4.0, 4.0, 3.0, 4.0]"
Royal Colombo Golf Club,6.9052268,79.8841999,Colombo,4.401495730725898,['golfing'],[3.8]
Royal Palace Park,7.290271,80.6373742,Kandy,4.215150505015364,"['botanical gardens', 'bird watching', 'photography', 'wildlife viewing', 'historic sites', 'historical monuments', 'sightseeing', 'cultural experiences', 'arts and culture', 'architecture photography', 'landscape photography', 'hiking', 'cycling', 'outdoor adventures']","[4.0, 4.0, 4.0, 4.0, 4.0, 4.0, 4.0, 4.0, 4.0, 4.0, 4.0, 3.0, 3.0, 3.0]"
Royal Palace of King Maha Parakramabahu,7.9425092,81.0007671,Polonnaruwa,4.593962119447647,"['archaeological sites', 'historic sites', 'architecture tours', 'history tours', 'botanical gardens', 'sightseeing', 'architecture photography', 'photography', 'cultural experiences', 'arts and culture', 'historical monuments']","[5.0, 5.0, 4.0, 4.0, 4.0, 4.0, 4.0, 4.0, 4.0, 4.0, 4.0]"
Ruhunu Maha Kataragama Dewalaya,6.4185071,81.3332777,Kataragama,4.795912558923412,"['temple pilgrimages', 'cultural experiences', 'arts and culture', 'traditional ceremonies', 'historic sites', 'cultural festivals', 'sightseeing', 'historical monuments', 'architecture photography', 'architecture tours', 'museum visits', 'spiritual retreats', 'wildlife viewing']","[5.0, 5.0, 5.0, 4.0, 4.0, 4.0, 4.0, 4.0, 4.0, 4.0, 4.0, 4.0, 4.0]"
Ruins of Poonakary Fort,9.5033332,80.2120936,Pooneryn,4.153207049698718,"['archaeological sites', 'historic sites', 'architecture photography', 'history tours', 'historic walks', 'cultural experiences', 'sightseeing', 'landscape photography', 'hiking', 'wildlife viewing', 'fishing', 'picnicking', 'outdoor adventures']","[4.0, 4.0, 4.0, 3.0, 4.0, 4.0, 4.0, 4.0, 3.0, 3.0, 3.0, 4.0, 3.0]"
Ruins of an ancient building,7.961255,81.0002295,Polonnaruwa,4.557219407305894,"['archaeological sites', 'architecture photography', 'historic sites', 'arts and culture', 'historical monuments', 'sightseeing', 'hiking', 'cultural experiences', 'history tours']","[3.3333333333333335, 4.0, 3.5, 4.0, 4.0, 3.0, 3.0, 3.0, 2.0]"
Rumassala South Beach,6.0184625,80.2354871,Unawatuna,4.914775970972134,"['beach visits', 'hiking', 'beachfront dining', 'landscape photography', 'wildlife viewing']","[4.333333333333333, 3.0, 2.0, 4.0, 3.0]"
Ruwanweli Maha Seya,8.3498926,80.3965558,Anuradhapura,4.59953817685612,"['archaeological sites', 'architecture', 'arts and culture', 'cultural experiences', 'historical monuments', 'historic sites', 'sightseeing', 'temple pilgrimages', 'architecture photography', 'landscape photography', 'photography']","[5.0, 5.0, 5.0, 5.0, 5.0, 5.0, 5.0, 5.0, 5.0, 5.0, 5.0]"
SUNDARAM BEACH,9.6227176,80.0052386,Jaffna,4.664952244429894,"['beach visits', 'swimming', 'sunbathing', 'photography', 'picnicking', 'hiking', 'fishing']","[5.0, 5.0, 5.0, 4.5, 5.0, 5.0, 4.0]"
Samadhi Buddha Statue,8.3698774,80.3981853,Anuradhapura,4.985229077527702,"['historical monuments', 'arts and culture', 'spiritual retreats', 'architecture photography', 'sightseeing', 'historic sites', 'botanical gardens', 'family bonding']","[4.2, 4.2, 5.0, 4.2, 4.0, 4.0, 4.0, 4.0]"
Sambodhi Pagoda Temple,6.9383932,79.8420285,Colombo ,4.761675636932808,"['architecture photography', 'arts and culture', 'temple pilgrimages', 'hiking', 'spiritual retreats', 'sightseeing']","[5.0, 5.0, 5.0, 3.0, 5.0, 5.0]"
Sandaraja Wana Arana,7.1182691,80.4120138,Aranayake,4.352182894105664,"['hiking', 'camping', 'wildlife viewing', 'bird watching']","[5.0, 4.75, 4.0, 5.0]"
Sangupiddi Bridge,9.5736294,80.1992706,Navathkuli Karativu Mannar Hwy,4.4026290597340685,"['architecture photography', 'sightseeing', 'landscape photography', 'cultural experiences', 'bird watching', 'photography']","[3.5, 3.5, 4.5, 3.3333333333333335, 4.0, 3.0]"
Sathmahal Prasadaya,7.9479524,81.0018178,Polonnaruwa,4.56307359367456,"['archaeological sites', 'architecture photography', 'architecture tours', 'arts and culture', 'historic sites', 'historical monuments', 'history tours', 'sightseeing']","[5.0, 4.0, 3.0, 4.0, 5.0, 5.0, 3.0, 4.0]"
Sayansi Beach,9.647101,80.3821795,Pachchilapalli,4.541533189984722,"['beach visits', 'swimming', 'snorkeling', 'beach volleyball', 'sandcastle building', 'photography']","[4.5, 5.0, 4.0, 5.0, 5.0, 4.0]"
Sea Turtle Hatchery Habaraduwa,5.9937023,80.3041743,Habaraduwa,4.499072242428977,"['turtle watching', 'animal encounters']","[4.166666666666667, 3.8333333333333335]"
Seetha Eliya,6.933207899999999,80.81026779999999,Seetha Eliya,,"['hiking', 'waterfalls']","[1.2, 2.0]"
Seethawaka Wet Zone Botanical Gardens,6.892941,80.17176119999999,Labugama,4.301399471130266,"['botanical gardens', 'bird watching', 'boat wild life safaris', 'hiking', 'landscape photography', 'wildlife viewing', 'photography']","[4.75, 4.0, 4.0, 4.0, 4.0, 4.0, 4.0]"
Sigiriya,7.957032699999999,80.760257,Sigiriya,4.898842724074757,"['archaeological sites', 'architecture photography', 'hiking', 'historic sites', 'history tours', 'landscape photography', 'sightseeing', 'cultural experiences', 'arts and culture', 'outdoor adventures', 'wildlife viewing']","[5.0, 5.0, 4.0, 5.0, 4.0, 5.0, 5.0, 4.0, 4.0, 4.0, 4.0]"
Single Tree Hill,6.9577851,80.7625008,Nuwara Eliya,4.311758443001718,"['temple pilgrimages', 'hiking', 'sightseeing', 'landscape photography']","[4.0, 3.2, 4.6, 4.0]"
Sinharaja Forest Reserve,6.406990800000001,80.46002659999999,Sri Lanka,4.303780294885495,"['hiking', 'bird watching', 'wildlife viewing', 'waterfalls', 'butterfly watching']","[3.0, 4.5, 3.0, 4.5, 3.0]"
"Sinharaja Rain forest, Waddagala, Kalawana",6.4360351,80.4195879,VeddagalaKudawa Rd,4.858538574007847,"['hiking', 'bird watching', 'wildlife viewing']","[4.0, 3.8, 3.6]"
Siri Gautama Sambuddharaja Maligawa,7.3415841,80.253971,Polgahawela,4.857984699996502,"['temple pilgrimages', 'arts and culture', 'architecture photography', 'historic sites', 'cultural experiences', 'architecture tours', 'spiritual retreats', 'photography']","[5.0, 5.0, 3.0, 5.0, 5.0, 5.0, 5.0, 3.0]"
Snake Farm Weligama Traditional Farm,6.0139105,80.4737256,Udukawa,4.984890370692487,"['animal encounters', 'cultural experiences']","[4.8, 3.8]"
Somawathiya National Park,8.1692559,81.2078164,Gangapahalavila,4.310382292325315,"['wildlife viewing', 'temple pilgrimages', 'historic sites']","[5.0, 5.0, 5.0]"
Spa Ceylon Heritage Spa Boutique II Galle Fort,6.0262575,80.2168828,Galle,4.578867418066767,"['ayurvedic spa treatments', 'cultural experiences', 'arts and culture', 'sightseeing', 'local crafts']","[4.25, 3.6666666666666665, 3.8, 4.0, 3.5]"
Sr Vijayrma Ancient Temple,6.2452686,80.0575088,Ambalangoda,4.741121047744521,"['arts and culture', 'temple pilgrimages', 'meditation', 'historical monuments', 'architecture photography', 'cultural experiences', 'historic sites', 'photography', 'sightseeing', 'history tours', 'museum visits', 'spiritual retreats', 'architecture tours']","[3.5, 3.5, 4.0, 4.0, 4.0, 3.0, 4.0, 3.0, 3.0, 3.0, 3.0, 3.0, 2.0]"
Sri Dalada Maligawa,7.293609,80.641325,Kandy,4.799364742133881,"['architecture tours', 'arts and culture', 'cultural experiences', 'historic sites', 'temple pilgrimages', 'traditional ceremonies', 'architecture photography', 'sightseeing']","[5.0, 4.666666666666667, 4.2, 4.2, 4.2, 5.0, 5.0, 5.0]"
Sri Lanka Planetarium,6.900697200000001,79.8628492,Colombo,4.133303671848457,"['planetarium visits', 'arts and culture']","[4.2, 3.6]"
Sri Pada Adams Peak,6.809642999999999,80.4993882,Sri Pada Adams Peak,4.895982478612805,"['hiking', 'temple pilgrimages', 'cultural experiences', 'spiritual retreats']","[4.0, 4.0, 3.75, 3.6666666666666665]"
Sripada Peak Wilderness Sanctuary,6.817866,80.4892398,Nallathanniya,4.7913624278163285,"['hiking', 'temple pilgrimages', 'spiritual retreats', 'wildlife viewing']","[4.2, 4.0, 4.0, 3.0]"
"St. Anthonys Shrine, Kochchikade.",6.9468412,79.856253,Colombo,4.598580615577213,"['architecture', 'cultural experiences', 'museum visits', 'temple pilgrimages', 'arts and culture', 'historical monuments']","[4.666666666666667, 5.0, 3.6666666666666665, 4.75, 4.666666666666667, 4.666666666666667]"
St. Clair Falls,6.951743,80.648049,Talawakelle,4.845639463699177,"['waterfalls', 'photography', 'hiking', 'sightseeing', 'cultural experiences', 'local crafts', 'landscape photography', 'wildlife viewing']","[5.0, 4.2, 3.5, 3.8, 4.0, 3.0, 4.0, 3.0]"
St. Marys Cathedral,6.0359972,80.2126917,Galle,4.581681417227589,"['architecture photography', 'architecture tours', 'arts and culture', 'historic sites', 'historic walks', 'sightseeing', 'cultural experiences', 'historical monuments', 'museum visits', 'spiritual retreats', 'architecture', 'photography']","[5.0, 5.0, 5.0, 5.0, 5.0, 5.0, 5.0, 5.0, 3.0, 5.0, 5.0, 5.0]"
St. Marys Cathedral Jaffna,9.6562359,80.0228986,Jaffna,4.748279582973151,"['architecture', 'arts and culture', 'historic sites', 'history tours', 'sightseeing']","[4.8, 4.4, 4.4, 4.4, 4.4]"
St. Marys Church,7.210453,79.8372024,Negombo,4.498442026891937,"['architecture photography', 'architecture tours', 'arts and culture', 'cultural experiences', 'historic sites', 'historical monuments', 'sightseeing', 'spiritual retreats', 'temple pilgrimages']","[5.0, 3.0, 4.0, 4.0, 4.0, 4.0, 4.0, 5.0, 4.0]"
Star Gate Ranmasu Uyana,8.3372385,80.3898503,Anuradhapura,4.846821214488326,"['archaeological sites', 'historic sites', 'arts and culture', 'historical monuments', 'sightseeing', 'cultural experiences', 'history tours']","[4.0, 4.0, 3.8, 4.0, 3.8, 2.8, 2.8]"
Sunflower Arts Crafts,6.4271466,80.0085066,Bentota,4.492695589848429,"['local crafts', 'arts and culture', 'craft workshops', 'sightseeing']","[4.5, 4.5, 4.0, 5.0]"
SunsetIsland,7.1998988,81.5195008,Inginiyagala,4.6536408051047005,"['boat wild life safaris', 'beach visits']","[4.0, 4.75]"
Surathali Ella,6.7457754,80.8288354,Belihuloya,4.770094873107498,"['hiking', 'waterfalls', 'photography']","[4.333333333333333, 4.833333333333333, 4.0]"
Swarnagiri Maha Viharaya Single Tree Temple,6.9550559,80.766179,Nuwara Eliya,4.495222708052527,"['hiking', 'temple pilgrimages', 'spiritual retreats', 'architecture photography', 'sightseeing', 'cultural experiences']","[4.0, 4.6, 4.8, 4.0, 4.2, 4.0]"
Swastha Ayurveda,6.132079199999999,80.1012744,Hikkaduwa ,4.32861642579988,['ayurvedic spa treatments'],[4.4]
Talaimannar Lighthouse,9.1074228,79.7310609,Mannar,4.497803902830247,"['beach visits', 'photography', 'fishing', 'historic sites', 'architecture photography', 'landscape photography', 'local crafts']","[5.0, 4.25, 4.0, 4.0, 4.0, 4.0, 4.0]"
Tangalle,6.0243383,80.79407259999999,Tangalle,,"['beach visits', 'surfing']","[3.0, 2.0]"
Tangalle Beach,6.0227264,80.8008358,Tangalle,4.223144354363933,"['beach visits', 'turtle watching']","[4.5, 4.166666666666667]"
Tantirimale Rajamaha Viharaya,8.5736017,80.2558288,Thanthirimale,4.882678192602807,"['archaeological sites', 'historic sites', 'hiking', 'cultural experiences', 'temple pilgrimages', 'architecture photography', 'sightseeing', 'history tours', 'wildlife viewing', 'arts and culture', 'spiritual retreats', 'architecture tours', 'historical monuments']","[5.0, 5.0, 4.0, 4.0, 4.0, 4.0, 4.0, 3.0, 3.0, 3.0, 3.0, 3.0, 3.0]"
Thabbowa Wewa View Point,8.0599254,79.9679445,Karuwalagaswewa,4.485702005660756,"['bird watching', 'hiking', 'landscape photography', 'historic sites', 'wildlife viewing', 'sightseeing', 'tea tasting', 'fishing', 'camping', 'architecture photography', 'historical monuments', 'photography']","[4.333333333333333, 4.0, 4.0, 4.0, 4.0, 4.0, 4.0, 3.0, 3.0, 3.0, 4.0, 4.0]"
Thalawila Beach,8.1114274,79.7018623,Kalpitiya,4.343391210859601,"['beach visits', 'arts and culture']","[3.8181818181818183, 4.5]"
Thambiluvil Beach,7.125067,81.8572972,Thambiluvil,4.676695527522947,"['beach visits', 'beachfront dining']","[4.024242424242424, 4.0]"
Thandiyadi Lagoon,7.0519269,81.8457198,Vinayagapuram,,"['boat wild life safaris', 'beach visits', 'fishing', 'kayaking', 'paddleboarding', 'sightseeing', 'wildlife viewing']","[2.0, 2.2, 2.0, 2.0, 2.0, 3.0, 2.0]"
The Shrine of Our Lady of Matara,5.9432239,80.5519762,Matara,4.49825754779444,"['architecture photography', 'architecture tours', 'spiritual retreats', 'historic sites', 'history tours', 'cultural experiences', 'arts and culture', 'sightseeing', 'historical monuments', 'temple pilgrimages']","[3.6666666666666665, 3.6666666666666665, 3.6666666666666665, 3.5, 3.5, 3.5, 3.5, 3.5, 3.5, 3.5]"
Thepulangoda Waterfall,6.7283412,80.393811,Ratnapura,4.3472425017643,"['waterfalls', 'hiking', 'swimming', 'picnicking']","[4.0, 3.5, 4.4, 4.333333333333333]"
Thummulla Wewa,6.5806614,81.7364516,Okanda,4.55346320485569,"['cycling', 'bird watching', 'photography', 'hiking', 'wildlife viewing', 'fishing', 'sightseeing']","[5.0, 5.0, 5.0, 4.0, 4.0, 4.0, 3.0]"
Thuparama Image House Image of Boddhisathwa,7.9477758,81.0008934,Polonnaruwa,4.627175653322222,"['archaeological sites', 'historic sites', 'arts and culture', 'architecture photography', 'historical monuments', 'sightseeing', 'cultural experiences', 'photography', 'historic walks', 'temple pilgrimages', 'botanical gardens', 'hiking', 'wildlife viewing']","[5.0, 5.0, 4.0, 4.0, 4.0, 3.0, 3.0, 3.0, 3.0, 3.0, 3.0, 3.0, 2.0]"
Thuparamaya,8.3553447,80.3964751,Anuradhapura,4.599306786167193,"['archaeological sites', 'historical monuments', 'historic sites', 'architecture photography', 'arts and culture', 'history tours', 'cultural experiences', 'temple pilgrimages', 'sightseeing', 'architecture tours', 'photography', 'museum visits', 'historic walks']","[5.0, 5.0, 5.0, 4.0, 5.0, 4.0, 5.0, 5.0, 4.0, 4.0, 4.0, 4.0, 4.0]"
Tissamaharama Raja Maha Vihara,6.2801801,81.2900771,Tissamaharama,4.401616458720567,"['archaeological sites', 'architecture photography', 'arts and culture', 'historical monuments', 'history tours', 'temple pilgrimages', 'sightseeing']","[4.5, 4.5, 4.4, 4.4, 4.4, 4.4, 4.4]"
Tour With Dash,6.043131,80.2183189,Galle,4.617032073098565,"['arts and culture', 'local crafts', 'historic sites', 'beach visits', 'sightseeing', 'tea tasting', 'cultural experiences', 'wildlife viewing', 'historical monuments']","[5.0, 5.0, 4.75, 5.0, 5.0, 5.0, 4.8, 5.0, 4.0]"
Trincomalee,8.5873638,81.2152121,Trincomalee,,"['sea cruises', 'scuba diving', 'paddleboarding', 'beach visits', 'sailing lessons', 'kayaking', 'fishing']","[1.0, 3.0, 3.0, 2.0, 2.0, 3.0, 1.0]"
Trincomalee Beach,8.5733464,81.2392774,Trincomalee,4.4918048081226285,"['beach visits', 'snorkeling', 'arts and culture', 'swimming', 'sunbathing', 'boat wild life safaris', 'beachfront dining', 'wildlife viewing']","[5.0, 4.0, 5.0, 4.5, 5.0, 4.0, 3.0, 4.0]"
Trincomalee Harbour,8.533333299999999,81.25,Trincomalee Harbour,4.238874199994511,"['sea cruises', 'history tours', 'beach visits', 'sightseeing', 'historic sites']","[4.8, 4.0, 5.0, 4.0, 4.0]"
Turtle Watch Rekawa,6.0462588,80.8557179,Rekawa,3.392184392365925,"['turtle watching', 'beach visits', 'wildlife viewing']","[3.6666666666666665, 3.75, 3.6666666666666665]"
Turtle Watching point,8.2117941,79.6949178,Kandakuliya,3.652715307302168,"['turtle watching', 'beach visits']","[1.4, 1.4]"
Udawalawa,6.4184828,80.823938,Udawalawa,,"['elephant rides', 'wildlife viewing']","[2.6, 1.4]"
Udawalawe National Park,6.4746288,80.876319,Udawalawe,4.301286494166639,"['wild life safaris', 'bird watching', 'elephant rides', 'photography', 'landscape photography', 'wildlife viewing']","[4.333333333333333, 4.2, 5.0, 5.0, 5.0, 4.25]"
Udawatta Kele Sanctuary,7.2988782,80.6424033,Kandy,4.302577140993598,"['hiking', 'bird watching', 'wildlife viewing', 'arts and culture', 'historic sites', 'historical monuments', 'cycling']","[5.0, 5.0, 5.0, 5.0, 5.0, 5.0, 5.0]"
Uduwathura Lake,6.0259129,80.4786271,Udukawa,4.612291845242092,"['hiking', 'bird watching', 'photography', 'picnic', 'landscape photography', 'wildlife viewing', 'fishing', 'sightseeing']","[4.333333333333333, 4.0, 4.5, 4.0, 5.0, 4.0, 4.0, 3.0]"
Umari Lagoon,7.0448379,81.8595828,Sangamamgramam,4.560136265898674,"['kayaking', 'bird watching', 'paddleboarding', 'boat wild life safaris', 'landscape photography']","[4.0, 4.5, 5.0, 5.0, 3.0]"
Unawatuna,6.017446899999999,80.2488596,Unawatuna,,"['beach visits', 'water sports', 'beachfront dining', 'snorkeling']","[1.8, 3.0, 3.5, 2.0]"
Unawatuna Beach,6.0096861,80.248424,Unawatuna Beach,4.5462059547303095,"['snorkeling', 'beach visits', 'paddleboarding', 'beachfront dining', 'turtle watching', 'surfing']","[5.0, 3.4444444444444446, 5.0, 4.0, 5.0, 4.2]"
Upper Diyaluma Waterfall,6.7348278,81.0324472,UvaGampaha,4.5913275436318495,"['hiking', 'swimming', 'sightseeing', 'wildlife viewing', 'photography', 'waterfalls']","[3.5, 4.666666666666667, 4.25, 4.0, 4.0, 5.0]"
Uppuveli,8.601561799999999,81.2195241,Trincomalee,,"['beach visits', 'snorkeling', 'whale watching', 'sailing', 'turtle watching']","[3.2, 2.0, 1.3333333333333333, 3.0, 2.0]"
Uppuveli Beach,8.6079558,81.2200129,Trincomalee,4.317781698882331,"['beach visits', 'snorkeling', 'sailing', 'whale watching', 'turtle watching']","[4.0, 4.0, 5.0, 5.0, 5.0]"
Ussangoda National Park,6.0989204,80.9883434,Ussangoda,4.683403291157688,"['hiking', 'photography', 'beach visits', 'landscape photography', 'sightseeing']","[4.333333333333333, 5.0, 4.166666666666667, 5.0, 4.0]"
Vankalai Bird Sanctuary,8.9199943,79.9328917,Mannar,3.8852877209666663,"['bird watching', 'hiking', 'wildlife viewing', 'sightseeing']","[4.0, 3.0, 2.6666666666666665, 3.0]"
Vankalaippadu Beach,9.0813821,79.8434642,Vankalaippadu,4.102605346772171,"['beach visits', 'swimming', 'shell collecting']","[3.1666666666666665, 3.5, 3.3333333333333335]"
Vatadage,7.9473653,81.0013068,Polonnaruwa,4.874129239480807,"['archaeological sites', 'architecture photography', 'architecture tours', 'arts and culture', 'cultural experiences', 'historic sites', 'historical monuments', 'history tours', 'sightseeing', 'temple pilgrimages', 'photography']","[5.0, 4.0, 4.0, 5.0, 4.0, 5.0, 5.0, 4.0, 5.0, 4.0, 4.0]"
Velgam Vehera Buddhist Temple,8.6471866,81.1696845,Vilgam Vihara Rd,4.761675636932808,"['archaeological sites', 'architecture photography', 'architecture tours', 'arts and culture', 'historic sites', 'historic walks', 'historical monuments', 'museum visits', 'photography', 'spiritual retreats', 'temple pilgrimages', 'sightseeing', 'village homestays']","[5.0, 4.0, 4.0, 4.0, 4.0, 4.0, 4.0, 3.0, 4.0, 5.0, 5.0, 4.0, 3.0]"
Ventura Beach,6.423470699999999,79.9953199,Ventura Beach,4.402793991384051,"['beach visits', 'swimming', 'windsurfing', 'scuba diving', 'bird watching', 'water skiing', 'sunbathing', 'beachfront dining', 'surfing lessons', 'yoga']","[4.583333333333333, 4.5, 5.0, 5.0, 5.0, 5.0, 4.0, 5.0, 5.0, 5.0]"
Victor Hasselblad Sea Turtle Research And Conservation Centre,6.3337051,80.02790639999999,Kosgoda,4.30266310300139,"['turtle watching', 'animal encounters', 'wildlife viewing', 'cultural experiences']","[2.411764705882353, 2.411764705882353, 2.5, 4.0]"
Viharamahadevi Park,6.913390699999999,79.86174009999999,Colombo,4.1013201191219375,"['cycling', 'arts and culture', 'sightseeing', 'historical monuments', 'botanical gardens', 'photography', 'outdoor adventures', 'wildlife viewing']","[5.0, 5.0, 5.0, 5.0, 5.0, 5.0, 5.0, 3.0]"
Wasgamuwa National Park,7.7532419,80.92077370000001,Nuwaragala,4.3078815229991765,"['wildlife viewing', 'bird watching', 'landscape photography', 'wild life safaris']","[4.444444444444445, 4.666666666666667, 4.2, 5.0]"
Watawala Ella,6.6285696,80.360297,Niriella,,"['hiking', 'waterfalls']","[1.75, 2.8]"
Water World Aquarium,6.9441709,79.9423889,Gonawala,4.400531999072592,"['underwater tunnel', 'bird watching', 'river cruises', 'water parks']","[5.0, 4.25, 3.75, 5.0]"
Wedikkarayage Wewa,8.6691361,80.5408233,Puhudivula Rd,,"['bird watching', 'kayaking', 'picnicking', 'fishing', 'wildlife viewing', 'landscape photography']","[3.0, 2.0, 3.0, 2.0, 2.25, 3.0]"
Weherahena Poorwarama Rajamaha Viharaya Matara,5.953038,80.575286,Matara,4.401722853809566,"['historical monuments', 'architecture photography', 'arts and culture', 'historic sites', 'cultural experiences', 'temple pilgrimages', 'sightseeing', 'archaeological sites', 'caving', 'art classes', 'architecture tours', 'history tours', 'outdoor adventures', 'wildlife viewing', 'spiritual retreats']","[5.0, 4.0, 5.0, 5.0, 5.0, 5.0, 4.0, 4.0, 4.0, 4.0, 4.0, 4.0, 4.0, 4.0, 4.0]"
Weli Oya Bridge,6.7674876,80.8468142,Walhaputenna,4.414556013649594,"['photography', 'hiking', 'landscape photography', 'sightseeing', 'wildlife viewing', 'fishing', 'camping', 'outdoor adventures']","[5.0, 4.0, 4.0, 4.0, 4.0, 3.0, 3.0, 3.0]"
Weligama Beach surf and stay,5.972485799999999,80.4357139,Weligama,4.4079572874617785,"['surfing', 'beach visits']","[4.75, 4.25]"
Wilpattu National Park,8.4581819,80.0518306,Puttalam,4.6956432134873705,"['wild life safaris', 'bird watching', 'wildlife viewing', 'landscape photography']","[4.2, 4.166666666666667, 3.5, 4.0]"
Windmill,9.6051784,80.1650289,Thanankilappu,4.206414099397436,"['landscape photography', 'hiking', 'architecture photography', 'sightseeing']","[4.0, 3.75, 4.0, 3.0]"
Wirawila Tissa Sanctuary,6.3,81.25,Hambantota,4.114364203512912,"['boat wild life safaris', 'wildlife viewing', 'bird watching', 'hiking']","[4.5, 4.6, 5.0, 3.0]"
Yala Green Safari,6.2774947,81.2670255,Debarawewa,4.339524667317656,['wild life safaris'],[4.0]
Yala National Park,6.463961299999998,81.47188469999999,Hambantota,4.106288105873484,"['wild life safaris', 'camping', 'bird watching', 'landscape photography', 'wildlife viewing']","[4.333333333333333, 4.25, 5.0, 5.0, 5.0]"
Yapahuwa Rock Fortress,7.817870699999999,80.3116203,Maho,4.985576071969122,"['hiking', 'historical monuments', 'archaeological sites', 'history tours', 'rock climbing', 'wildlife viewing', 'landscape photography']","[4.8, 4.8, 4.8, 4.8, 4.6, 4.0, 4.8]"
jungle muru safari,6.4384812,80.8894497,Embilipitiya,4.754198561577264,"['wild life safaris', 'bird watching', 'wildlife viewing', 'elephant rides']","[4.5, 3.5, 5.0, 5.0]"
riapla Mask Museum,6.241271800000001,80.0506997,Ambalangoda,4.116776103356498,"['museum visits', 'craft workshops', 'arts and culture', 'cultural experiences', 'local crafts']","[3.8333333333333335, 3.857142857142857, 3.8333333333333335, 4.0, 4.0]"
rumassala,6.0328948,80.2167912,Galle,,"['hiking', 'beach visits']","[2.0, 2.2]"
